,scanindex,rettime,mz,intensity,organism,isotope,condition,isotopomer,exp_id
2,496,3.703,432.2908,262,RLUS1353,12,GLU-1,M0,EXAMPLE_6
11,496,3.703,448.2822,577,RLUS1353,12,GLU-1,M0,EXAMPLE_10
12,496,3.703,449.2866,243,RLUS1353,12,GLU-1,M1,EXAMPLE_10
14,496,3.703,450.2997,1663,RLUS1353,12,GLU-1,M0,EXAMPLE_3
20,496,3.703,466.2988,1301,RLUS1353,12,GLU-1,M0,EXAMPLE_11
21,496,3.703,467.2948,192,RLUS1353,12,GLU-1,M1,EXAMPLE_11
22,496,3.703,468.3114,506,RLUS1353,12,GLU-1,M0,EXAMPLE_4
25,497,3.71,432.238,850,RLUS1353,12,GLU-1,M0,EXAMPLE_1
26,497,3.71,432.2856,251,RLUS1353,12,GLU-1,M0,EXAMPLE_6
35,497,3.71,448.2812,1240,RLUS1353,12,GLU-1,M0,EXAMPLE_10
37,497,3.71,450.2989,2080,RLUS1353,12,GLU-1,M0,EXAMPLE_3
38,497,3.71,451.3084,547,RLUS1353,12,GLU-1,M1,EXAMPLE_3
39,497,3.71,452.3078,182,RLUS1353,12,GLU-1,M2,EXAMPLE_3
43,497,3.71,466.2906,839,RLUS1353,12,GLU-1,M0,EXAMPLE_11
44,497,3.71,467.295,268,RLUS1353,12,GLU-1,M1,EXAMPLE_11
45,497,3.71,468.3085,649,RLUS1353,12,GLU-1,M0,EXAMPLE_4
46,497,3.71,469.3018,162,RLUS1353,12,GLU-1,M3,EXAMPLE_11
47,498,3.717,432.2384,3088,RLUS1353,12,GLU-1,M0,EXAMPLE_1
49,498,3.717,433.2418,1076,RLUS1353,12,GLU-1,M1,EXAMPLE_1
50,498,3.717,433.2914,208,RLUS1353,12,GLU-1,M1,EXAMPLE_6
56,498,3.717,448.2868,991,RLUS1353,12,GLU-1,M0,EXAMPLE_10
57,498,3.717,449.289,438,RLUS1353,12,GLU-1,M1,EXAMPLE_10
59,498,3.717,450.3002,2853,RLUS1353,12,GLU-1,M0,EXAMPLE_3
60,498,3.717,451.3014,1037,RLUS1353,12,GLU-1,M1,EXAMPLE_3
61,498,3.717,452.3084,327,RLUS1353,12,GLU-1,M2,EXAMPLE_3
67,498,3.717,466.2982,928,RLUS1353,12,GLU-1,M0,EXAMPLE_11
68,498,3.717,467.2988,390,RLUS1353,12,GLU-1,M1,EXAMPLE_11
69,498,3.717,468.3134,618,RLUS1353,12,GLU-1,M0,EXAMPLE_4
71,498,3.717,469.3159,105,RLUS1353,12,GLU-1,M1,EXAMPLE_4
72,499,3.724,432.2378,7871,RLUS1353,12,GLU-1,M0,EXAMPLE_1
73,499,3.724,432.2925,525,RLUS1353,12,GLU-1,M0,EXAMPLE_6
74,499,3.724,433.2384,2210,RLUS1353,12,GLU-1,M1,EXAMPLE_1
75,499,3.724,433.2962,147,RLUS1353,12,GLU-1,M1,EXAMPLE_6
76,499,3.724,434.2454,344,RLUS1353,12,GLU-1,M2,EXAMPLE_1
83,499,3.724,449.2877,190,RLUS1353,12,GLU-1,M1,EXAMPLE_10
85,499,3.724,450.2996,4849,RLUS1353,12,GLU-1,M0,EXAMPLE_3
86,499,3.724,451.3044,1881,RLUS1353,12,GLU-1,M1,EXAMPLE_3
87,499,3.724,452.3058,411,RLUS1353,12,GLU-1,M2,EXAMPLE_3
96,499,3.724,466.2936,979,RLUS1353,12,GLU-1,M0,EXAMPLE_11
98,499,3.724,468.3097,1143,RLUS1353,12,GLU-1,M0,EXAMPLE_4
100,499,3.724,469.3114,449,RLUS1353,12,GLU-1,M1,EXAMPLE_4
101,500,3.731,432.2376,16108,RLUS1353,12,GLU-1,M0,EXAMPLE_1
102,500,3.731,432.2908,1549,RLUS1353,12,GLU-1,M0,EXAMPLE_6
103,500,3.731,433.2426,4514,RLUS1353,12,GLU-1,M1,EXAMPLE_1
104,500,3.731,433.2956,361,RLUS1353,12,GLU-1,M1,EXAMPLE_6
116,500,3.731,448.284,676,RLUS1353,12,GLU-1,M0,EXAMPLE_10
118,500,3.731,450.3002,13455,RLUS1353,12,GLU-1,M0,EXAMPLE_3
119,500,3.731,451.3046,4060,RLUS1353,12,GLU-1,M1,EXAMPLE_3
120,500,3.731,452.3046,1051,RLUS1353,12,GLU-1,M2,EXAMPLE_3
129,500,3.731,466.2938,947,RLUS1353,12,GLU-1,M0,EXAMPLE_11
130,500,3.731,467.297,346,RLUS1353,12,GLU-1,M1,EXAMPLE_11
131,500,3.731,468.3098,4451,RLUS1353,12,GLU-1,M0,EXAMPLE_4
133,500,3.731,469.3124,999,RLUS1353,12,GLU-1,M1,EXAMPLE_4
135,501,3.739,432.2386,22699,RLUS1353,12,GLU-1,M0,EXAMPLE_1
136,501,3.739,432.2904,5582,RLUS1353,12,GLU-1,M0,EXAMPLE_6
137,501,3.739,433.2418,6246,RLUS1353,12,GLU-1,M1,EXAMPLE_1
138,501,3.739,433.293,1615,RLUS1353,12,GLU-1,M1,EXAMPLE_6
139,501,3.739,434.2442,1372,RLUS1353,12,GLU-1,M2,EXAMPLE_1
140,501,3.739,434.2922,428,RLUS1353,12,GLU-1,M2,EXAMPLE_6
142,501,3.739,435.248,183,RLUS1353,12,GLU-1,M3,EXAMPLE_1
154,501,3.739,448.282,927,RLUS1353,12,GLU-1,M0,EXAMPLE_10
156,501,3.739,449.2876,474,RLUS1353,12,GLU-1,M1,EXAMPLE_10
157,501,3.739,450.3,48544,RLUS1353,12,GLU-1,M0,EXAMPLE_3
158,501,3.739,451.3038,16063,RLUS1353,12,GLU-1,M1,EXAMPLE_3
159,501,3.739,452.3074,2921,RLUS1353,12,GLU-1,M2,EXAMPLE_3
160,501,3.739,453.3088,323,RLUS1353,12,GLU-1,M3,EXAMPLE_3
167,501,3.739,466.2952,1410,RLUS1353,12,GLU-1,M0,EXAMPLE_11
168,501,3.739,467.296,497,RLUS1353,12,GLU-1,M1,EXAMPLE_11
169,501,3.739,468.3104,15342,RLUS1353,12,GLU-1,M0,EXAMPLE_4
172,501,3.739,469.3126,4291,RLUS1353,12,GLU-1,M1,EXAMPLE_4
174,502,3.746,432.2389,19285,RLUS1353,12,GLU-1,M0,EXAMPLE_1
175,502,3.746,432.2893,18461,RLUS1353,12,GLU-1,M0,EXAMPLE_6
176,502,3.746,433.2434,5213,RLUS1353,12,GLU-1,M1,EXAMPLE_1
177,502,3.746,433.2913,7341,RLUS1353,12,GLU-1,M1,EXAMPLE_6
180,502,3.746,434.2936,1347,RLUS1353,12,GLU-1,M2,EXAMPLE_6
189,502,3.746,448.2844,2105,RLUS1353,12,GLU-1,M0,EXAMPLE_10
190,502,3.746,449.2891,1149,RLUS1353,12,GLU-1,M1,EXAMPLE_10
192,502,3.746,450.301,136282,RLUS1353,12,GLU-1,M0,EXAMPLE_3
197,502,3.746,451.3038,45247,RLUS1353,12,GLU-1,M1,EXAMPLE_3
198,502,3.746,452.3092,8087,RLUS1353,12,GLU-1,M2,EXAMPLE_3
199,502,3.746,453.3106,1230,RLUS1353,12,GLU-1,M3,EXAMPLE_3
205,502,3.746,466.296,3353,RLUS1353,12,GLU-1,M0,EXAMPLE_11
206,502,3.746,467.301,1418,RLUS1353,12,GLU-1,M1,EXAMPLE_11
207,502,3.746,468.3108,42070,RLUS1353,12,GLU-1,M0,EXAMPLE_4
209,502,3.746,469.3146,12996,RLUS1353,12,GLU-1,M1,EXAMPLE_4
211,503,3.753,432.2374,10361,RLUS1353,12,GLU-1,M0,EXAMPLE_1
212,503,3.753,432.29,32896,RLUS1353,12,GLU-1,M0,EXAMPLE_6
214,503,3.753,433.2401,2792,RLUS1353,12,GLU-1,M1,EXAMPLE_1
215,503,3.753,433.2918,12149,RLUS1353,12,GLU-1,M1,EXAMPLE_6
217,503,3.753,434.2912,2078,RLUS1353,12,GLU-1,M1,EXAMPLE_9
219,503,3.753,435.295,329,RLUS1353,12,GLU-1,M2,EXAMPLE_9
227,503,3.753,448.2832,3158,RLUS1353,12,GLU-1,M0,EXAMPLE_10
229,503,3.753,449.2876,1174,RLUS1353,12,GLU-1,M1,EXAMPLE_10
232,503,3.753,450.3006,252230,RLUS1353,12,GLU-1,M0,EXAMPLE_3
237,503,3.753,451.3036,79895,RLUS1353,12,GLU-1,M1,EXAMPLE_3
239,503,3.753,452.3056,13002,RLUS1353,12,GLU-1,M2,EXAMPLE_3
240,503,3.753,453.311,1866,RLUS1353,12,GLU-1,M3,EXAMPLE_3
248,503,3.753,466.2962,3846,RLUS1353,12,GLU-1,M0,EXAMPLE_11
249,503,3.753,467.2964,1703,RLUS1353,12,GLU-1,M1,EXAMPLE_11
250,503,3.753,468.3108,75283,RLUS1353,12,GLU-1,M0,EXAMPLE_4
251,503,3.753,469.3137,22571,RLUS1353,12,GLU-1,M1,EXAMPLE_4
253,504,3.76,432.2351,5235,RLUS1353,12,GLU-1,M0,EXAMPLE_1
254,504,3.76,432.289,39838,RLUS1353,12,GLU-1,M0,EXAMPLE_6
255,504,3.76,433.2386,1433,RLUS1353,12,GLU-1,M1,EXAMPLE_1
256,504,3.76,433.2906,14802,RLUS1353,12,GLU-1,M1,EXAMPLE_6
258,504,3.76,434.2904,2603,RLUS1353,12,GLU-1,M1,EXAMPLE_9
272,504,3.76,448.2826,3016,RLUS1353,12,GLU-1,M0,EXAMPLE_10
273,504,3.76,449.2892,1051,RLUS1353,12,GLU-1,M1,EXAMPLE_10
275,504,3.76,450.3007,276271,RLUS1353,12,GLU-1,M0,EXAMPLE_3
282,504,3.76,451.3035,84325,RLUS1353,12,GLU-1,M1,EXAMPLE_3
284,504,3.76,452.3062,14589,RLUS1353,12,GLU-1,M2,EXAMPLE_3
285,504,3.76,453.3081,1862,RLUS1353,12,GLU-1,M3,EXAMPLE_3
286,504,3.76,454.317,353,RLUS1353,12,GLU-1,M4,EXAMPLE_3
294,504,3.76,466.2946,4862,RLUS1353,12,GLU-1,M0,EXAMPLE_11
295,504,3.76,467.2992,1441,RLUS1353,12,GLU-1,M1,EXAMPLE_11
296,504,3.76,468.3106,78113,RLUS1353,12,GLU-1,M0,EXAMPLE_4
300,504,3.76,469.3138,25694,RLUS1353,12,GLU-1,M1,EXAMPLE_4
302,505,3.767,432.235,3416,RLUS1353,12,GLU-1,M0,EXAMPLE_1
303,505,3.767,432.2902,26191,RLUS1353,12,GLU-1,M0,EXAMPLE_6
304,505,3.767,433.2382,1002,RLUS1353,12,GLU-1,M1,EXAMPLE_1
305,505,3.767,433.2912,8400,RLUS1353,12,GLU-1,M1,EXAMPLE_6
306,505,3.767,434.2446,259,RLUS1353,12,GLU-1,M2,EXAMPLE_1
307,505,3.767,434.2932,1866,RLUS1353,12,GLU-1,M2,EXAMPLE_6
315,505,3.767,448.2846,1304,RLUS1353,12,GLU-1,M0,EXAMPLE_10
316,505,3.767,449.2873,683,RLUS1353,12,GLU-1,M1,EXAMPLE_10
319,505,3.767,450.3007,179057,RLUS1353,12,GLU-1,M0,EXAMPLE_3
321,505,3.767,451.304,57656,RLUS1353,12,GLU-1,M1,EXAMPLE_3
322,505,3.767,452.3068,10315,RLUS1353,12,GLU-1,M2,EXAMPLE_3
323,505,3.767,453.31,1243,RLUS1353,12,GLU-1,M3,EXAMPLE_3
331,505,3.767,466.2975,2720,RLUS1353,12,GLU-1,M0,EXAMPLE_11
332,505,3.767,467.2988,995,RLUS1353,12,GLU-1,M1,EXAMPLE_11
333,505,3.767,468.3113,57108,RLUS1353,12,GLU-1,M0,EXAMPLE_4
335,505,3.767,469.314,19429,RLUS1353,12,GLU-1,M1,EXAMPLE_4
337,506,3.774,432.2374,3711,RLUS1353,12,GLU-1,M0,EXAMPLE_1
338,506,3.774,432.2892,12317,RLUS1353,12,GLU-1,M0,EXAMPLE_6
339,506,3.774,433.2388,772,RLUS1353,12,GLU-1,M1,EXAMPLE_1
340,506,3.774,433.29,5064,RLUS1353,12,GLU-1,M1,EXAMPLE_6
342,506,3.774,434.2948,677,RLUS1353,12,GLU-1,M2,EXAMPLE_6
344,506,3.774,435.3012,136,RLUS1353,12,GLU-1,M3,EXAMPLE_6
349,506,3.774,448.2842,947,RLUS1353,12,GLU-1,M0,EXAMPLE_10
350,506,3.774,449.2874,356,RLUS1353,12,GLU-1,M1,EXAMPLE_10
351,506,3.774,450.3004,90770,RLUS1353,12,GLU-1,M0,EXAMPLE_3
352,506,3.774,451.304,28152,RLUS1353,12,GLU-1,M1,EXAMPLE_3
353,506,3.774,452.3077,5226,RLUS1353,12,GLU-1,M2,EXAMPLE_3
362,506,3.774,466.2932,1900,RLUS1353,12,GLU-1,M0,EXAMPLE_11
363,506,3.774,467.3,285,RLUS1353,12,GLU-1,M1,EXAMPLE_11
364,506,3.774,468.3114,28995,RLUS1353,12,GLU-1,M0,EXAMPLE_4
366,506,3.774,469.3133,9213,RLUS1353,12,GLU-1,M1,EXAMPLE_4
367,507,3.781,432.2396,3327,RLUS1353,12,GLU-1,M0,EXAMPLE_1
368,507,3.781,432.2902,7566,RLUS1353,12,GLU-1,M0,EXAMPLE_6
369,507,3.781,433.2392,848,RLUS1353,12,GLU-1,M1,EXAMPLE_1
370,507,3.781,433.2893,2390,RLUS1353,12,GLU-1,M1,EXAMPLE_6
372,507,3.781,434.2975,614,RLUS1353,12,GLU-1,M2,EXAMPLE_6
384,507,3.781,448.2876,430,RLUS1353,12,GLU-1,M0,EXAMPLE_10
385,507,3.781,449.2871,254,RLUS1353,12,GLU-1,M1,EXAMPLE_10
386,507,3.781,450.3005,51477,RLUS1353,12,GLU-1,M0,EXAMPLE_3
389,507,3.781,451.3037,16243,RLUS1353,12,GLU-1,M1,EXAMPLE_3
390,507,3.781,452.3044,2885,RLUS1353,12,GLU-1,M2,EXAMPLE_3
396,507,3.781,466.293,988,RLUS1353,12,GLU-1,M0,EXAMPLE_11
397,507,3.781,467.2935,325,RLUS1353,12,GLU-1,M1,EXAMPLE_11
398,507,3.781,468.3097,15405,RLUS1353,12,GLU-1,M0,EXAMPLE_4
400,507,3.781,469.3151,4961,RLUS1353,12,GLU-1,M1,EXAMPLE_4
402,508,3.789,432.2398,2478,RLUS1353,12,GLU-1,M0,EXAMPLE_1
403,508,3.789,432.2893,3793,RLUS1353,12,GLU-1,M0,EXAMPLE_6
404,508,3.789,433.2406,953,RLUS1353,12,GLU-1,M1,EXAMPLE_1
405,508,3.789,433.2941,1591,RLUS1353,12,GLU-1,M1,EXAMPLE_6
406,508,3.789,434.243,166,RLUS1353,12,GLU-1,M2,EXAMPLE_1
407,508,3.789,434.2915,400,RLUS1353,12,GLU-1,M1,EXAMPLE_9
413,508,3.789,448.2816,437,RLUS1353,12,GLU-1,M0,EXAMPLE_10
416,508,3.789,450.3001,29512,RLUS1353,12,GLU-1,M0,EXAMPLE_3
417,508,3.789,451.3032,10859,RLUS1353,12,GLU-1,M1,EXAMPLE_3
418,508,3.789,452.3058,1680,RLUS1353,12,GLU-1,M2,EXAMPLE_3
419,508,3.789,453.3122,134,RLUS1353,12,GLU-1,M3,EXAMPLE_3
425,508,3.789,466.298,1143,RLUS1353,12,GLU-1,M0,EXAMPLE_11
428,508,3.789,467.2954,301,RLUS1353,12,GLU-1,M1,EXAMPLE_11
429,508,3.789,468.3115,9681,RLUS1353,12,GLU-1,M0,EXAMPLE_4
431,508,3.789,469.3152,2599,RLUS1353,12,GLU-1,M1,EXAMPLE_4
434,509,3.796,432.2374,2518,RLUS1353,12,GLU-1,M0,EXAMPLE_1
435,509,3.796,432.2908,2877,RLUS1353,12,GLU-1,M0,EXAMPLE_6
436,509,3.796,433.2422,601,RLUS1353,12,GLU-1,M1,EXAMPLE_1
437,509,3.796,433.2868,684,RLUS1353,12,GLU-1,M0,EXAMPLE_9
439,509,3.796,434.295,147,RLUS1353,12,GLU-1,M2,EXAMPLE_6
448,509,3.796,448.2824,533,RLUS1353,12,GLU-1,M0,EXAMPLE_10
450,509,3.796,450.3003,26974,RLUS1353,12,GLU-1,M0,EXAMPLE_3
451,509,3.796,451.3051,8590,RLUS1353,12,GLU-1,M1,EXAMPLE_3
452,509,3.796,452.3088,1618,RLUS1353,12,GLU-1,M2,EXAMPLE_3
453,509,3.796,453.307,188,RLUS1353,12,GLU-1,M3,EXAMPLE_3
458,509,3.796,466.2953,841,RLUS1353,12,GLU-1,M0,EXAMPLE_11
460,509,3.796,468.3114,8343,RLUS1353,12,GLU-1,M0,EXAMPLE_4
462,509,3.796,469.3137,2874,RLUS1353,12,GLU-1,M1,EXAMPLE_4
463,510,3.803,432.2386,2403,RLUS1353,12,GLU-1,M0,EXAMPLE_1
464,510,3.803,432.2882,2629,RLUS1353,12,GLU-1,M0,EXAMPLE_6
465,510,3.803,433.2414,734,RLUS1353,12,GLU-1,M1,EXAMPLE_1
466,510,3.803,433.291,749,RLUS1353,12,GLU-1,M1,EXAMPLE_6
468,510,3.803,434.2968,206,RLUS1353,12,GLU-1,M2,EXAMPLE_6
471,510,3.803,436.2488,152,RLUS1353,12,GLU-1,M4,EXAMPLE_1
476,510,3.803,448.2802,475,RLUS1353,12,GLU-1,M0,EXAMPLE_10
478,510,3.803,450.2994,25175,RLUS1353,12,GLU-1,M0,EXAMPLE_3
479,510,3.803,451.3036,7222,RLUS1353,12,GLU-1,M1,EXAMPLE_3
480,510,3.803,452.3058,1784,RLUS1353,12,GLU-1,M2,EXAMPLE_3
487,510,3.803,466.2982,1618,RLUS1353,12,GLU-1,M0,EXAMPLE_11
488,510,3.803,467.2958,374,RLUS1353,12,GLU-1,M1,EXAMPLE_11
489,510,3.803,468.31,7759,RLUS1353,12,GLU-1,M0,EXAMPLE_4
491,510,3.803,469.3132,2318,RLUS1353,12,GLU-1,M1,EXAMPLE_4
492,511,3.81,432.242,1824,RLUS1353,12,GLU-1,M0,EXAMPLE_1
493,511,3.81,432.2902,1925,RLUS1353,12,GLU-1,M0,EXAMPLE_6
494,511,3.81,433.2424,377,RLUS1353,12,GLU-1,M1,EXAMPLE_1
495,511,3.81,433.289,865,RLUS1353,12,GLU-1,M1,EXAMPLE_6
503,511,3.81,448.2882,439,RLUS1353,12,GLU-1,M0,EXAMPLE_10
504,511,3.81,449.2866,119,RLUS1353,12,GLU-1,M1,EXAMPLE_10
505,511,3.81,450.2996,20316,RLUS1353,12,GLU-1,M0,EXAMPLE_3
506,511,3.81,451.3034,5507,RLUS1353,12,GLU-1,M1,EXAMPLE_3
507,511,3.81,452.3064,1094,RLUS1353,12,GLU-1,M2,EXAMPLE_3
515,511,3.81,466.2963,1223,RLUS1353,12,GLU-1,M0,EXAMPLE_11
516,511,3.81,467.3016,434,RLUS1353,12,GLU-1,M1,EXAMPLE_11
518,511,3.81,468.3104,5796,RLUS1353,12,GLU-1,M0,EXAMPLE_4
519,511,3.81,469.3154,1897,RLUS1353,12,GLU-1,M1,EXAMPLE_4
521,512,3.817,432.2898,1697,RLUS1353,12,GLU-1,M0,EXAMPLE_6
523,512,3.817,433.2912,782,RLUS1353,12,GLU-1,M1,EXAMPLE_6
534,512,3.817,448.2879,342,RLUS1353,12,GLU-1,M0,EXAMPLE_10
536,512,3.817,449.2891,302,RLUS1353,12,GLU-1,M1,EXAMPLE_10
537,512,3.817,450.2998,18801,RLUS1353,12,GLU-1,M0,EXAMPLE_3
538,512,3.817,451.3042,5390,RLUS1353,12,GLU-1,M1,EXAMPLE_3
539,512,3.817,452.3094,803,RLUS1353,12,GLU-1,M2,EXAMPLE_3
540,512,3.817,453.3101,153,RLUS1353,12,GLU-1,M3,EXAMPLE_3
544,512,3.817,466.2924,1300,RLUS1353,12,GLU-1,M0,EXAMPLE_11
545,512,3.817,467.2956,588,RLUS1353,12,GLU-1,M1,EXAMPLE_11
547,512,3.817,468.3098,4762,RLUS1353,12,GLU-1,M0,EXAMPLE_4
549,512,3.817,469.3118,1461,RLUS1353,12,GLU-1,M1,EXAMPLE_4
552,496,3.702,433.2424,128,RLUS1353,12,GLU-2,M1,EXAMPLE_1
558,496,3.702,448.2827,799,RLUS1353,12,GLU-2,M0,EXAMPLE_10
559,496,3.702,449.2913,285,RLUS1353,12,GLU-2,M1,EXAMPLE_10
560,496,3.702,450.2994,1179,RLUS1353,12,GLU-2,M0,EXAMPLE_3
564,496,3.702,451.3056,282,RLUS1353,12,GLU-2,M1,EXAMPLE_3
565,496,3.702,452.3024,108,RLUS1353,12,GLU-2,M0,EXAMPLE_8
566,496,3.702,466.292,688,RLUS1353,12,GLU-2,M0,EXAMPLE_11
567,496,3.702,467.2938,259,RLUS1353,12,GLU-2,M1,EXAMPLE_11
568,496,3.702,468.3036,286,RLUS1353,12,GLU-2,M2,EXAMPLE_11
569,496,3.702,469.3054,108,RLUS1353,12,GLU-2,M3,EXAMPLE_11
570,497,3.71,432.2361,205,RLUS1353,12,GLU-2,M0,EXAMPLE_1
573,497,3.71,448.2877,964,RLUS1353,12,GLU-2,M0,EXAMPLE_10
576,497,3.71,451.3043,148,RLUS1353,12,GLU-2,M1,EXAMPLE_3
580,497,3.71,466.2965,710,RLUS1353,12,GLU-2,M0,EXAMPLE_11
581,497,3.71,467.294,315,RLUS1353,12,GLU-2,M1,EXAMPLE_11
582,497,3.71,468.3092,497,RLUS1353,12,GLU-2,M0,EXAMPLE_4
584,497,3.71,469.309,112,RLUS1353,12,GLU-2,M3,EXAMPLE_11
586,498,3.717,432.2393,1001,RLUS1353,12,GLU-2,M0,EXAMPLE_1
587,498,3.717,433.2443,142,RLUS1353,12,GLU-2,M1,EXAMPLE_1
591,498,3.717,448.2864,362,RLUS1353,12,GLU-2,M0,EXAMPLE_10
592,498,3.717,449.288,219,RLUS1353,12,GLU-2,M1,EXAMPLE_10
593,498,3.717,450.2988,1579,RLUS1353,12,GLU-2,M0,EXAMPLE_3
599,498,3.717,466.2982,509,RLUS1353,12,GLU-2,M0,EXAMPLE_11
601,498,3.717,468.31,735,RLUS1353,12,GLU-2,M0,EXAMPLE_4
602,498,3.717,469.3131,196,RLUS1353,12,GLU-2,M1,EXAMPLE_4
604,499,3.724,432.2398,3664,RLUS1353,12,GLU-2,M0,EXAMPLE_1
605,499,3.724,433.2378,1029,RLUS1353,12,GLU-2,M1,EXAMPLE_1
612,499,3.724,448.2838,454,RLUS1353,12,GLU-2,M0,EXAMPLE_10
614,499,3.724,450.2988,2936,RLUS1353,12,GLU-2,M0,EXAMPLE_3
615,499,3.724,451.3019,1190,RLUS1353,12,GLU-2,M1,EXAMPLE_3
616,499,3.724,452.307,152,RLUS1353,12,GLU-2,M2,EXAMPLE_3
623,499,3.724,466.2942,600,RLUS1353,12,GLU-2,M0,EXAMPLE_11
624,499,3.724,467.2978,199,RLUS1353,12,GLU-2,M1,EXAMPLE_11
625,499,3.724,468.3072,1161,RLUS1353,12,GLU-2,M0,EXAMPLE_4
627,499,3.724,469.31,203,RLUS1353,12,GLU-2,M1,EXAMPLE_4
629,500,3.731,432.2394,8153,RLUS1353,12,GLU-2,M0,EXAMPLE_1
630,500,3.731,432.2916,859,RLUS1353,12,GLU-2,M0,EXAMPLE_6
631,500,3.731,433.2424,2274,RLUS1353,12,GLU-2,M1,EXAMPLE_1
632,500,3.731,433.2952,134,RLUS1353,12,GLU-2,M1,EXAMPLE_6
633,500,3.731,434.242,490,RLUS1353,12,GLU-2,M2,EXAMPLE_1
640,500,3.731,448.2812,514,RLUS1353,12,GLU-2,M0,EXAMPLE_10
641,500,3.731,450.3015,6034,RLUS1353,12,GLU-2,M0,EXAMPLE_3
642,500,3.731,451.3046,2625,RLUS1353,12,GLU-2,M1,EXAMPLE_3
649,500,3.731,466.2962,386,RLUS1353,12,GLU-2,M0,EXAMPLE_11
651,500,3.731,468.3098,2023,RLUS1353,12,GLU-2,M0,EXAMPLE_4
653,500,3.731,469.3132,516,RLUS1353,12,GLU-2,M1,EXAMPLE_4
654,501,3.738,432.2372,12027,RLUS1353,12,GLU-2,M0,EXAMPLE_1
655,501,3.738,432.2896,3737,RLUS1353,12,GLU-2,M0,EXAMPLE_6
656,501,3.738,433.2428,3031,RLUS1353,12,GLU-2,M1,EXAMPLE_1
657,501,3.738,433.2952,1195,RLUS1353,12,GLU-2,M1,EXAMPLE_6
658,501,3.738,434.2481,495,RLUS1353,12,GLU-2,M2,EXAMPLE_1
668,501,3.738,448.2797,681,RLUS1353,12,GLU-2,M0,EXAMPLE_10
670,501,3.738,449.2874,179,RLUS1353,12,GLU-2,M1,EXAMPLE_10
671,501,3.738,450.3002,28958,RLUS1353,12,GLU-2,M0,EXAMPLE_3
672,501,3.738,451.3041,9047,RLUS1353,12,GLU-2,M1,EXAMPLE_3
674,501,3.738,452.3094,1595,RLUS1353,12,GLU-2,M2,EXAMPLE_3
675,501,3.738,453.315,275,RLUS1353,12,GLU-2,M3,EXAMPLE_3
680,501,3.738,466.2922,768,RLUS1353,12,GLU-2,M0,EXAMPLE_11
681,501,3.738,467.2939,244,RLUS1353,12,GLU-2,M1,EXAMPLE_11
682,501,3.738,468.3112,8346,RLUS1353,12,GLU-2,M0,EXAMPLE_4
685,501,3.738,469.3152,2064,RLUS1353,12,GLU-2,M1,EXAMPLE_4
687,502,3.745,432.238,9179,RLUS1353,12,GLU-2,M0,EXAMPLE_1
688,502,3.745,432.2872,10308,RLUS1353,12,GLU-2,M0,EXAMPLE_6
689,502,3.745,433.2432,2660,RLUS1353,12,GLU-2,M1,EXAMPLE_1
690,502,3.745,433.2919,3570,RLUS1353,12,GLU-2,M1,EXAMPLE_6
692,502,3.745,434.2454,634,RLUS1353,12,GLU-2,M2,EXAMPLE_1
693,502,3.745,434.2946,757,RLUS1353,12,GLU-2,M2,EXAMPLE_6
702,502,3.745,448.2834,1187,RLUS1353,12,GLU-2,M0,EXAMPLE_10
703,502,3.745,449.2902,302,RLUS1353,12,GLU-2,M1,EXAMPLE_10
705,502,3.745,450.3004,81328,RLUS1353,12,GLU-2,M0,EXAMPLE_3
706,502,3.745,451.3034,26421,RLUS1353,12,GLU-2,M1,EXAMPLE_3
707,502,3.745,452.3068,4401,RLUS1353,12,GLU-2,M2,EXAMPLE_3
708,502,3.745,453.314,430,RLUS1353,12,GLU-2,M3,EXAMPLE_3
715,502,3.745,466.2936,1809,RLUS1353,12,GLU-2,M0,EXAMPLE_11
716,502,3.745,467.2952,436,RLUS1353,12,GLU-2,M1,EXAMPLE_11
717,502,3.745,468.3106,27131,RLUS1353,12,GLU-2,M0,EXAMPLE_4
719,502,3.745,469.3142,8283,RLUS1353,12,GLU-2,M1,EXAMPLE_4
720,503,3.752,432.2377,5354,RLUS1353,12,GLU-2,M0,EXAMPLE_1
721,503,3.752,432.29,19176,RLUS1353,12,GLU-2,M0,EXAMPLE_6
722,503,3.752,433.2376,1304,RLUS1353,12,GLU-2,M0,EXAMPLE_2
723,503,3.752,433.2921,7015,RLUS1353,12,GLU-2,M1,EXAMPLE_6
724,503,3.752,434.2904,1199,RLUS1353,12,GLU-2,M1,EXAMPLE_9
732,503,3.752,448.2838,1721,RLUS1353,12,GLU-2,M0,EXAMPLE_10
733,503,3.752,449.2918,687,RLUS1353,12,GLU-2,M1,EXAMPLE_10
735,503,3.752,450.3007,136921,RLUS1353,12,GLU-2,M0,EXAMPLE_3
736,503,3.752,451.3043,45413,RLUS1353,12,GLU-2,M1,EXAMPLE_3
737,503,3.752,452.3062,7738,RLUS1353,12,GLU-2,M2,EXAMPLE_3
738,503,3.752,453.3102,991,RLUS1353,12,GLU-2,M3,EXAMPLE_3
743,503,3.752,466.2984,1990,RLUS1353,12,GLU-2,M0,EXAMPLE_11
744,503,3.752,467.3,853,RLUS1353,12,GLU-2,M1,EXAMPLE_11
745,503,3.752,468.3109,44849,RLUS1353,12,GLU-2,M0,EXAMPLE_4
747,503,3.752,469.3136,13450,RLUS1353,12,GLU-2,M1,EXAMPLE_4
749,504,3.76,432.2369,3073,RLUS1353,12,GLU-2,M0,EXAMPLE_1
750,504,3.76,432.2882,21266,RLUS1353,12,GLU-2,M0,EXAMPLE_6
753,504,3.76,433.2908,7557,RLUS1353,12,GLU-2,M1,EXAMPLE_6
755,504,3.76,434.2958,1212,RLUS1353,12,GLU-2,M2,EXAMPLE_6
757,504,3.76,435.2977,375,RLUS1353,12,GLU-2,M3,EXAMPLE_6
764,504,3.76,448.2862,1341,RLUS1353,12,GLU-2,M0,EXAMPLE_10
766,504,3.76,449.2882,623,RLUS1353,12,GLU-2,M1,EXAMPLE_10
768,504,3.76,450.3002,155384,RLUS1353,12,GLU-2,M0,EXAMPLE_3
769,504,3.76,451.3038,48128,RLUS1353,12,GLU-2,M1,EXAMPLE_3
770,504,3.76,452.3065,8776,RLUS1353,12,GLU-2,M2,EXAMPLE_3
771,504,3.76,453.3062,1057,RLUS1353,12,GLU-2,M3,EXAMPLE_3
778,504,3.76,466.2929,2508,RLUS1353,12,GLU-2,M0,EXAMPLE_11
780,504,3.76,468.3102,43926,RLUS1353,12,GLU-2,M0,EXAMPLE_4
782,504,3.76,469.3124,14002,RLUS1353,12,GLU-2,M1,EXAMPLE_4
783,505,3.767,432.2354,1626,RLUS1353,12,GLU-2,M0,EXAMPLE_1
784,505,3.767,432.2897,10256,RLUS1353,12,GLU-2,M0,EXAMPLE_6
785,505,3.767,433.2382,467,RLUS1353,12,GLU-2,M1,EXAMPLE_1
786,505,3.767,433.2911,3836,RLUS1353,12,GLU-2,M1,EXAMPLE_6
787,505,3.767,434.291,785,RLUS1353,12,GLU-2,M1,EXAMPLE_9
792,505,3.767,448.2856,575,RLUS1353,12,GLU-2,M0,EXAMPLE_10
795,505,3.767,450.3006,88369,RLUS1353,12,GLU-2,M0,EXAMPLE_3
796,505,3.767,451.3035,26944,RLUS1353,12,GLU-2,M1,EXAMPLE_3
797,505,3.767,452.3086,4409,RLUS1353,12,GLU-2,M2,EXAMPLE_3
798,505,3.767,453.3105,654,RLUS1353,12,GLU-2,M3,EXAMPLE_3
804,505,3.767,466.2948,1441,RLUS1353,12,GLU-2,M0,EXAMPLE_11
806,505,3.767,467.2985,391,RLUS1353,12,GLU-2,M1,EXAMPLE_11
807,505,3.767,468.3103,30333,RLUS1353,12,GLU-2,M0,EXAMPLE_4
809,505,3.767,469.3146,9462,RLUS1353,12,GLU-2,M1,EXAMPLE_4
810,506,3.774,432.2402,1106,RLUS1353,12,GLU-2,M0,EXAMPLE_1
811,506,3.774,432.2878,4665,RLUS1353,12,GLU-2,M0,EXAMPLE_6
812,506,3.774,433.2392,404,RLUS1353,12,GLU-2,M1,EXAMPLE_1
813,506,3.774,433.2914,1628,RLUS1353,12,GLU-2,M1,EXAMPLE_6
814,506,3.774,434.2946,486,RLUS1353,12,GLU-2,M2,EXAMPLE_6
820,506,3.774,450.3,44147,RLUS1353,12,GLU-2,M0,EXAMPLE_3
821,506,3.774,451.3028,13484,RLUS1353,12,GLU-2,M1,EXAMPLE_3
822,506,3.774,452.3088,2318,RLUS1353,12,GLU-2,M2,EXAMPLE_3
823,506,3.774,453.3082,301,RLUS1353,12,GLU-2,M3,EXAMPLE_3
829,506,3.774,466.2972,670,RLUS1353,12,GLU-2,M0,EXAMPLE_11
831,506,3.774,468.3096,14034,RLUS1353,12,GLU-2,M0,EXAMPLE_4
833,506,3.774,469.3135,4334,RLUS1353,12,GLU-2,M1,EXAMPLE_4
835,507,3.781,432.2374,1105,RLUS1353,12,GLU-2,M0,EXAMPLE_1
836,507,3.781,432.2894,2789,RLUS1353,12,GLU-2,M0,EXAMPLE_6
838,507,3.781,433.2918,578,RLUS1353,12,GLU-2,M1,EXAMPLE_6
842,507,3.781,448.288,297,RLUS1353,12,GLU-2,M0,EXAMPLE_10
844,507,3.781,450.3002,20737,RLUS1353,12,GLU-2,M0,EXAMPLE_3
845,507,3.781,451.3053,7298,RLUS1353,12,GLU-2,M1,EXAMPLE_3
846,507,3.781,452.305,1433,RLUS1353,12,GLU-2,M2,EXAMPLE_3
847,507,3.781,453.3153,309,RLUS1353,12,GLU-2,M2,EXAMPLE_7
851,507,3.781,466.292,469,RLUS1353,12,GLU-2,M0,EXAMPLE_11
852,507,3.781,467.296,112,RLUS1353,12,GLU-2,M1,EXAMPLE_11
853,507,3.781,468.3106,7889,RLUS1353,12,GLU-2,M0,EXAMPLE_4
855,507,3.781,469.3163,2728,RLUS1353,12,GLU-2,M1,EXAMPLE_4
856,508,3.788,432.2407,1535,RLUS1353,12,GLU-2,M0,EXAMPLE_1
857,508,3.788,432.2904,1593,RLUS1353,12,GLU-2,M0,EXAMPLE_6
863,508,3.788,436.252,137,RLUS1353,12,GLU-2,M4,EXAMPLE_1
867,508,3.788,448.2846,246,RLUS1353,12,GLU-2,M0,EXAMPLE_10
868,508,3.788,450.2994,13852,RLUS1353,12,GLU-2,M0,EXAMPLE_3
869,508,3.788,451.3044,4343,RLUS1353,12,GLU-2,M1,EXAMPLE_3
870,508,3.788,452.3062,1312,RLUS1353,12,GLU-2,M2,EXAMPLE_3
871,508,3.788,453.3102,168,RLUS1353,12,GLU-2,M3,EXAMPLE_3
876,508,3.788,466.293,440,RLUS1353,12,GLU-2,M0,EXAMPLE_11
878,508,3.788,468.3088,5447,RLUS1353,12,GLU-2,M0,EXAMPLE_4
880,508,3.788,469.3149,1639,RLUS1353,12,GLU-2,M1,EXAMPLE_4
881,509,3.795,432.2372,1284,RLUS1353,12,GLU-2,M0,EXAMPLE_1
882,509,3.795,432.2894,1371,RLUS1353,12,GLU-2,M0,EXAMPLE_6
884,509,3.795,433.2896,495,RLUS1353,12,GLU-2,M1,EXAMPLE_6
887,509,3.795,436.2564,111,RLUS1353,12,GLU-2,M4,EXAMPLE_1
888,509,3.795,449.2915,144,RLUS1353,12,GLU-2,M1,EXAMPLE_10
889,509,3.795,450.3,13744,RLUS1353,12,GLU-2,M0,EXAMPLE_3
890,509,3.795,451.3008,4522,RLUS1353,12,GLU-2,M1,EXAMPLE_3
891,509,3.795,452.3102,649,RLUS1353,12,GLU-2,M2,EXAMPLE_3
896,509,3.795,466.2958,765,RLUS1353,12,GLU-2,M0,EXAMPLE_11
897,509,3.795,467.2996,299,RLUS1353,12,GLU-2,M1,EXAMPLE_11
898,509,3.795,468.3106,4854,RLUS1353,12,GLU-2,M0,EXAMPLE_4
900,509,3.795,469.3109,1252,RLUS1353,12,GLU-2,M1,EXAMPLE_4
901,510,3.802,432.24,1228,RLUS1353,12,GLU-2,M0,EXAMPLE_1
902,510,3.802,432.2924,1273,RLUS1353,12,GLU-2,M0,EXAMPLE_6
903,510,3.802,433.2407,322,RLUS1353,12,GLU-2,M1,EXAMPLE_1
904,510,3.802,433.2903,546,RLUS1353,12,GLU-2,M1,EXAMPLE_6
906,510,3.802,434.2976,119,RLUS1353,12,GLU-2,M2,EXAMPLE_6
909,510,3.802,448.2812,322,RLUS1353,12,GLU-2,M0,EXAMPLE_10
912,510,3.802,450.3004,11756,RLUS1353,12,GLU-2,M0,EXAMPLE_3
913,510,3.802,451.3024,3694,RLUS1353,12,GLU-2,M1,EXAMPLE_3
914,510,3.802,452.3054,536,RLUS1353,12,GLU-2,M2,EXAMPLE_3
918,510,3.802,466.2919,702,RLUS1353,12,GLU-2,M0,EXAMPLE_11
920,510,3.802,468.31,3818,RLUS1353,12,GLU-2,M0,EXAMPLE_4
921,510,3.802,469.3174,1395,RLUS1353,12,GLU-2,M1,EXAMPLE_4
922,511,3.81,432.2394,941,RLUS1353,12,GLU-2,M0,EXAMPLE_1
923,511,3.81,432.2868,1586,RLUS1353,12,GLU-2,M0,EXAMPLE_6
926,511,3.81,433.2874,771,RLUS1353,12,GLU-2,M0,EXAMPLE_9
932,511,3.81,448.2798,191,RLUS1353,12,GLU-2,M0,EXAMPLE_10
933,511,3.81,449.2829,116,RLUS1353,12,GLU-2,M1,EXAMPLE_10
934,511,3.81,450.3008,14237,RLUS1353,12,GLU-2,M0,EXAMPLE_3
935,511,3.81,451.3021,4828,RLUS1353,12,GLU-2,M1,EXAMPLE_3
936,511,3.81,452.308,847,RLUS1353,12,GLU-2,M2,EXAMPLE_3
940,511,3.81,466.2946,827,RLUS1353,12,GLU-2,M0,EXAMPLE_11
942,511,3.81,468.309,4200,RLUS1353,12,GLU-2,M0,EXAMPLE_4
943,511,3.81,469.3126,1078,RLUS1353,12,GLU-2,M1,EXAMPLE_4
945,512,3.817,432.2901,616,RLUS1353,12,GLU-2,M0,EXAMPLE_6
947,512,3.817,433.292,386,RLUS1353,12,GLU-2,M1,EXAMPLE_6
948,512,3.817,434.296,134,RLUS1353,12,GLU-2,M2,EXAMPLE_6
953,512,3.817,449.2908,104,RLUS1353,12,GLU-2,M1,EXAMPLE_10
954,512,3.817,450.2996,10189,RLUS1353,12,GLU-2,M0,EXAMPLE_3
955,512,3.817,451.302,3019,RLUS1353,12,GLU-2,M1,EXAMPLE_3
956,512,3.817,452.3038,852,RLUS1353,12,GLU-2,M2,EXAMPLE_3
958,512,3.817,466.2944,929,RLUS1353,12,GLU-2,M0,EXAMPLE_11
960,512,3.817,468.3102,2529,RLUS1353,12,GLU-2,M0,EXAMPLE_4
961,512,3.817,469.3138,851,RLUS1353,12,GLU-2,M1,EXAMPLE_4
966,496,3.703,432.238,523,RLUS1353,12,GLU-3,M0,EXAMPLE_1
967,496,3.703,432.2894,543,RLUS1353,12,GLU-3,M0,EXAMPLE_6
968,496,3.703,433.2458,154,RLUS1353,12,GLU-3,M1,EXAMPLE_1
969,496,3.703,433.2934,104,RLUS1353,12,GLU-3,M1,EXAMPLE_6
978,496,3.703,448.2823,1721,RLUS1353,12,GLU-3,M0,EXAMPLE_10
979,496,3.703,449.29,670,RLUS1353,12,GLU-3,M1,EXAMPLE_10
981,496,3.703,450.3008,2680,RLUS1353,12,GLU-3,M0,EXAMPLE_3
982,496,3.703,451.3018,1023,RLUS1353,12,GLU-3,M1,EXAMPLE_3
987,496,3.703,466.2951,1667,RLUS1353,12,GLU-3,M0,EXAMPLE_11
991,496,3.703,468.3058,495,RLUS1353,12,GLU-3,M2,EXAMPLE_11
996,497,3.71,432.2869,244,RLUS1353,12,GLU-3,M0,EXAMPLE_6
997,497,3.71,433.2432,101,RLUS1353,12,GLU-3,M1,EXAMPLE_1
1005,497,3.71,448.284,1472,RLUS1353,12,GLU-3,M0,EXAMPLE_10
1006,497,3.71,449.2883,524,RLUS1353,12,GLU-3,M1,EXAMPLE_10
1008,497,3.71,450.301,2613,RLUS1353,12,GLU-3,M0,EXAMPLE_3
1009,497,3.71,451.301,701,RLUS1353,12,GLU-3,M1,EXAMPLE_3
1010,497,3.71,452.3066,210,RLUS1353,12,GLU-3,M2,EXAMPLE_3
1017,497,3.71,466.2986,1051,RLUS1353,12,GLU-3,M0,EXAMPLE_11
1018,497,3.71,467.2964,223,RLUS1353,12,GLU-3,M1,EXAMPLE_11
1019,497,3.71,468.308,579,RLUS1353,12,GLU-3,M0,EXAMPLE_4
1020,497,3.71,469.3104,204,RLUS1353,12,GLU-3,M1,EXAMPLE_4
1023,498,3.717,432.239,2772,RLUS1353,12,GLU-3,M0,EXAMPLE_1
1024,498,3.717,432.2868,366,RLUS1353,12,GLU-3,M0,EXAMPLE_6
1025,498,3.717,433.2424,937,RLUS1353,12,GLU-3,M1,EXAMPLE_1
1026,498,3.717,433.2913,314,RLUS1353,12,GLU-3,M1,EXAMPLE_6
1039,498,3.717,448.2824,1452,RLUS1353,12,GLU-3,M0,EXAMPLE_10
1041,498,3.717,450.2984,4273,RLUS1353,12,GLU-3,M0,EXAMPLE_3
1042,498,3.717,451.3064,1186,RLUS1353,12,GLU-3,M1,EXAMPLE_3
1043,498,3.717,452.3034,190,RLUS1353,12,GLU-3,M2,EXAMPLE_3
1050,498,3.717,466.2986,1006,RLUS1353,12,GLU-3,M0,EXAMPLE_11
1051,498,3.717,467.2946,284,RLUS1353,12,GLU-3,M1,EXAMPLE_11
1052,498,3.717,468.303,598,RLUS1353,12,GLU-3,M2,EXAMPLE_11
1056,499,3.724,432.2382,9051,RLUS1353,12,GLU-3,M0,EXAMPLE_1
1057,499,3.724,432.2892,884,RLUS1353,12,GLU-3,M0,EXAMPLE_6
1058,499,3.724,433.242,3068,RLUS1353,12,GLU-3,M1,EXAMPLE_1
1060,499,3.724,434.2452,501,RLUS1353,12,GLU-3,M2,EXAMPLE_1
1063,499,3.724,435.2526,208,RLUS1353,12,GLU-3,M3,EXAMPLE_1
1074,499,3.724,448.2838,1014,RLUS1353,12,GLU-3,M0,EXAMPLE_10
1077,499,3.724,450.3002,7613,RLUS1353,12,GLU-3,M0,EXAMPLE_3
1078,499,3.724,451.3019,2469,RLUS1353,12,GLU-3,M1,EXAMPLE_3
1079,499,3.724,452.3079,592,RLUS1353,12,GLU-3,M2,EXAMPLE_3
1084,499,3.724,466.2915,963,RLUS1353,12,GLU-3,M0,EXAMPLE_11
1086,499,3.724,468.3097,1633,RLUS1353,12,GLU-3,M0,EXAMPLE_4
1088,499,3.724,469.3135,474,RLUS1353,12,GLU-3,M1,EXAMPLE_4
1089,500,3.731,432.2381,19956,RLUS1353,12,GLU-3,M0,EXAMPLE_1
1090,500,3.731,432.2891,2462,RLUS1353,12,GLU-3,M0,EXAMPLE_6
1091,500,3.731,433.2419,5564,RLUS1353,12,GLU-3,M1,EXAMPLE_1
1092,500,3.731,433.2934,685,RLUS1353,12,GLU-3,M1,EXAMPLE_6
1093,500,3.731,434.2474,742,RLUS1353,12,GLU-3,M2,EXAMPLE_1
1094,500,3.731,434.2923,105,RLUS1353,12,GLU-3,M2,EXAMPLE_6
1107,500,3.731,448.2864,650,RLUS1353,12,GLU-3,M0,EXAMPLE_10
1108,500,3.731,449.2882,269,RLUS1353,12,GLU-3,M1,EXAMPLE_10
1110,500,3.731,450.3004,19995,RLUS1353,12,GLU-3,M0,EXAMPLE_3
1111,500,3.731,451.3048,6082,RLUS1353,12,GLU-3,M1,EXAMPLE_3
1112,500,3.731,452.3052,1243,RLUS1353,12,GLU-3,M2,EXAMPLE_3
1121,500,3.731,466.296,1190,RLUS1353,12,GLU-3,M0,EXAMPLE_11
1122,500,3.731,467.3004,330,RLUS1353,12,GLU-3,M1,EXAMPLE_11
1124,500,3.731,468.312,6001,RLUS1353,12,GLU-3,M0,EXAMPLE_4
1126,500,3.731,469.3162,1790,RLUS1353,12,GLU-3,M1,EXAMPLE_4
1129,501,3.738,432.2388,24417,RLUS1353,12,GLU-3,M0,EXAMPLE_1
1130,501,3.738,432.2892,10242,RLUS1353,12,GLU-3,M0,EXAMPLE_6
1131,501,3.738,433.2404,6778,RLUS1353,12,GLU-3,M1,EXAMPLE_1
1132,501,3.738,433.291,3953,RLUS1353,12,GLU-3,M1,EXAMPLE_6
1133,501,3.738,434.2424,1354,RLUS1353,12,GLU-3,M2,EXAMPLE_1
1134,501,3.738,434.2918,663,RLUS1353,12,GLU-3,M1,EXAMPLE_9
1136,501,3.738,435.2516,358,RLUS1353,12,GLU-3,M3,EXAMPLE_1
1137,501,3.738,436.2491,186,RLUS1353,12,GLU-3,M4,EXAMPLE_1
1146,501,3.738,448.2844,1636,RLUS1353,12,GLU-3,M0,EXAMPLE_10
1147,501,3.738,449.2902,603,RLUS1353,12,GLU-3,M1,EXAMPLE_10
1149,501,3.738,450.3008,82877,RLUS1353,12,GLU-3,M0,EXAMPLE_3
1152,501,3.738,451.3039,23473,RLUS1353,12,GLU-3,M1,EXAMPLE_3
1153,501,3.738,452.3066,4981,RLUS1353,12,GLU-3,M2,EXAMPLE_3
1164,501,3.738,466.2952,2123,RLUS1353,12,GLU-3,M0,EXAMPLE_11
1166,501,3.738,467.3006,667,RLUS1353,12,GLU-3,M1,EXAMPLE_11
1168,501,3.738,468.311,20217,RLUS1353,12,GLU-3,M0,EXAMPLE_4
1170,501,3.738,469.3134,6898,RLUS1353,12,GLU-3,M1,EXAMPLE_4
1172,502,3.746,432.2396,21647,RLUS1353,12,GLU-3,M0,EXAMPLE_1
1173,502,3.746,432.2894,30738,RLUS1353,12,GLU-3,M0,EXAMPLE_6
1174,502,3.746,433.2424,5797,RLUS1353,12,GLU-3,M1,EXAMPLE_1
1175,502,3.746,433.2916,11079,RLUS1353,12,GLU-3,M1,EXAMPLE_6
1177,502,3.746,434.2442,1130,RLUS1353,12,GLU-3,M2,EXAMPLE_1
1178,502,3.746,434.2944,1847,RLUS1353,12,GLU-3,M2,EXAMPLE_6
1181,502,3.746,435.2946,327,RLUS1353,12,GLU-3,M2,EXAMPLE_9
1195,502,3.746,448.2859,3517,RLUS1353,12,GLU-3,M0,EXAMPLE_10
1196,502,3.746,449.2908,1390,RLUS1353,12,GLU-3,M1,EXAMPLE_10
1199,502,3.746,450.3012,276892,RLUS1353,12,GLU-3,M0,EXAMPLE_3
1205,502,3.746,451.3044,85167,RLUS1353,12,GLU-3,M1,EXAMPLE_3
1208,502,3.746,452.3076,15270,RLUS1353,12,GLU-3,M2,EXAMPLE_3
1209,502,3.746,453.3081,1626,RLUS1353,12,GLU-3,M3,EXAMPLE_3
1212,502,3.746,454.31,360,RLUS1353,12,GLU-3,M4,EXAMPLE_3
1220,502,3.746,466.2961,5275,RLUS1353,12,GLU-3,M0,EXAMPLE_11
1221,502,3.746,467.2961,1767,RLUS1353,12,GLU-3,M1,EXAMPLE_11
1222,502,3.746,468.3112,71231,RLUS1353,12,GLU-3,M0,EXAMPLE_4
1225,502,3.746,469.3154,23423,RLUS1353,12,GLU-3,M1,EXAMPLE_4
1230,503,3.753,432.2382,10790,RLUS1353,12,GLU-3,M0,EXAMPLE_1
1231,503,3.753,432.2897,48886,RLUS1353,12,GLU-3,M0,EXAMPLE_6
1232,503,3.753,433.2373,2467,RLUS1353,12,GLU-3,M0,EXAMPLE_2
1233,503,3.753,433.2922,16303,RLUS1353,12,GLU-3,M1,EXAMPLE_6
1237,503,3.753,435.2992,394,RLUS1353,12,GLU-3,M3,EXAMPLE_6
1246,503,3.753,448.2841,5181,RLUS1353,12,GLU-3,M0,EXAMPLE_10
1247,503,3.753,449.2878,2047,RLUS1353,12,GLU-3,M1,EXAMPLE_10
1253,503,3.753,450.3008,422917,RLUS1353,12,GLU-3,M0,EXAMPLE_3
1262,503,3.753,451.3044,134690,RLUS1353,12,GLU-3,M1,EXAMPLE_3
1267,503,3.753,452.307,21178,RLUS1353,12,GLU-3,M2,EXAMPLE_3
1268,503,3.753,453.3089,3222,RLUS1353,12,GLU-3,M3,EXAMPLE_3
1270,503,3.753,454.3186,307,RLUS1353,12,GLU-3,M3,EXAMPLE_7
1275,503,3.753,466.2944,6195,RLUS1353,12,GLU-3,M0,EXAMPLE_11
1276,503,3.753,467.3003,2291,RLUS1353,12,GLU-3,M1,EXAMPLE_11
1277,503,3.753,468.3108,106098,RLUS1353,12,GLU-3,M0,EXAMPLE_4
1280,503,3.753,469.3138,33280,RLUS1353,12,GLU-3,M1,EXAMPLE_4
1283,504,3.76,432.2364,4804,RLUS1353,12,GLU-3,M0,EXAMPLE_1
1284,504,3.76,432.2892,48995,RLUS1353,12,GLU-3,M0,EXAMPLE_6
1285,504,3.76,433.2404,1558,RLUS1353,12,GLU-3,M1,EXAMPLE_1
1286,504,3.76,433.2904,17359,RLUS1353,12,GLU-3,M1,EXAMPLE_6
1288,504,3.76,434.295,3486,RLUS1353,12,GLU-3,M2,EXAMPLE_6
1301,504,3.76,448.2844,3849,RLUS1353,12,GLU-3,M0,EXAMPLE_10
1302,504,3.76,449.2884,1581,RLUS1353,12,GLU-3,M1,EXAMPLE_10
1309,504,3.76,450.3008,415315,RLUS1353,12,GLU-3,M0,EXAMPLE_3
1317,504,3.76,451.3042,125387,RLUS1353,12,GLU-3,M1,EXAMPLE_3
1323,504,3.76,452.3064,21085,RLUS1353,12,GLU-3,M2,EXAMPLE_3
1325,504,3.76,453.3106,2396,RLUS1353,12,GLU-3,M3,EXAMPLE_3
1332,504,3.76,466.2968,5021,RLUS1353,12,GLU-3,M0,EXAMPLE_11
1333,504,3.76,467.2975,1919,RLUS1353,12,GLU-3,M1,EXAMPLE_11
1336,504,3.76,468.3111,102916,RLUS1353,12,GLU-3,M0,EXAMPLE_4
1339,504,3.76,469.3139,32559,RLUS1353,12,GLU-3,M1,EXAMPLE_4
1340,505,3.767,432.2366,3030,RLUS1353,12,GLU-3,M0,EXAMPLE_1
1341,505,3.767,432.2897,31230,RLUS1353,12,GLU-3,M0,EXAMPLE_6
1342,505,3.767,433.2391,1115,RLUS1353,12,GLU-3,M1,EXAMPLE_1
1343,505,3.767,433.2922,10970,RLUS1353,12,GLU-3,M1,EXAMPLE_6
1345,505,3.767,434.2972,2085,RLUS1353,12,GLU-3,M2,EXAMPLE_6
1347,505,3.767,435.2949,621,RLUS1353,12,GLU-3,M2,EXAMPLE_9
1348,505,3.767,436.2494,173,RLUS1353,12,GLU-3,M4,EXAMPLE_1
1355,505,3.767,448.2858,2178,RLUS1353,12,GLU-3,M0,EXAMPLE_10
1356,505,3.767,449.2888,827,RLUS1353,12,GLU-3,M1,EXAMPLE_10
1360,505,3.767,450.3012,273140,RLUS1353,12,GLU-3,M0,EXAMPLE_3
1365,505,3.767,451.3044,82680,RLUS1353,12,GLU-3,M1,EXAMPLE_3
1368,505,3.767,452.3075,13966,RLUS1353,12,GLU-3,M2,EXAMPLE_3
1370,505,3.767,453.3082,1783,RLUS1353,12,GLU-3,M3,EXAMPLE_3
1371,505,3.767,454.3136,224,RLUS1353,12,GLU-3,M4,EXAMPLE_3
1378,505,3.767,466.2934,3479,RLUS1353,12,GLU-3,M0,EXAMPLE_11
1379,505,3.767,467.299,1627,RLUS1353,12,GLU-3,M1,EXAMPLE_11
1380,505,3.767,468.3118,64987,RLUS1353,12,GLU-3,M0,EXAMPLE_4
1382,505,3.767,469.314,21699,RLUS1353,12,GLU-3,M1,EXAMPLE_4
1385,506,3.774,432.2392,3257,RLUS1353,12,GLU-3,M0,EXAMPLE_1
1386,506,3.774,432.2892,16265,RLUS1353,12,GLU-3,M0,EXAMPLE_6
1387,506,3.774,433.2386,816,RLUS1353,12,GLU-3,M1,EXAMPLE_1
1388,506,3.774,433.2915,5291,RLUS1353,12,GLU-3,M1,EXAMPLE_6
1391,506,3.774,434.2983,1077,RLUS1353,12,GLU-3,M2,EXAMPLE_6
1401,506,3.774,448.2841,699,RLUS1353,12,GLU-3,M0,EXAMPLE_10
1402,506,3.774,449.289,428,RLUS1353,12,GLU-3,M1,EXAMPLE_10
1403,506,3.774,450.3008,128954,RLUS1353,12,GLU-3,M0,EXAMPLE_3
1406,506,3.774,451.3032,39532,RLUS1353,12,GLU-3,M1,EXAMPLE_3
1407,506,3.774,452.3057,6907,RLUS1353,12,GLU-3,M2,EXAMPLE_3
1409,506,3.774,453.3124,933,RLUS1353,12,GLU-3,M3,EXAMPLE_3
1416,506,3.774,466.2957,1665,RLUS1353,12,GLU-3,M0,EXAMPLE_11
1418,506,3.774,467.2949,535,RLUS1353,12,GLU-3,M1,EXAMPLE_11
1419,506,3.774,468.3104,33179,RLUS1353,12,GLU-3,M0,EXAMPLE_4
1421,506,3.774,469.3132,10727,RLUS1353,12,GLU-3,M1,EXAMPLE_4
1422,507,3.781,432.2396,3732,RLUS1353,12,GLU-3,M0,EXAMPLE_1
1423,507,3.781,432.2896,7361,RLUS1353,12,GLU-3,M0,EXAMPLE_6
1424,507,3.781,433.2391,981,RLUS1353,12,GLU-3,M1,EXAMPLE_1
1425,507,3.781,433.2906,2462,RLUS1353,12,GLU-3,M1,EXAMPLE_6
1426,507,3.781,434.2922,404,RLUS1353,12,GLU-3,M2,EXAMPLE_6
1434,507,3.781,448.2852,625,RLUS1353,12,GLU-3,M0,EXAMPLE_10
1435,507,3.781,449.2908,311,RLUS1353,12,GLU-3,M1,EXAMPLE_10
1436,507,3.781,450.3005,58464,RLUS1353,12,GLU-3,M0,EXAMPLE_3
1438,507,3.781,451.3041,18026,RLUS1353,12,GLU-3,M1,EXAMPLE_3
1439,507,3.781,452.3074,3200,RLUS1353,12,GLU-3,M2,EXAMPLE_3
1441,507,3.781,453.3114,633,RLUS1353,12,GLU-3,M3,EXAMPLE_3
1447,507,3.781,466.2964,1036,RLUS1353,12,GLU-3,M0,EXAMPLE_11
1448,507,3.781,467.299,236,RLUS1353,12,GLU-3,M1,EXAMPLE_11
1449,507,3.781,468.3106,16225,RLUS1353,12,GLU-3,M0,EXAMPLE_4
1451,507,3.781,469.3154,5999,RLUS1353,12,GLU-3,M1,EXAMPLE_4
1452,508,3.788,432.2383,2293,RLUS1353,12,GLU-3,M0,EXAMPLE_1
1453,508,3.788,432.2912,4183,RLUS1353,12,GLU-3,M0,EXAMPLE_6
1454,508,3.788,433.239,798,RLUS1353,12,GLU-3,M1,EXAMPLE_1
1455,508,3.788,433.2916,1779,RLUS1353,12,GLU-3,M1,EXAMPLE_6
1456,508,3.788,434.2484,287,RLUS1353,12,GLU-3,M2,EXAMPLE_1
1457,508,3.788,434.2982,225,RLUS1353,12,GLU-3,M2,EXAMPLE_6
1459,508,3.788,435.2503,129,RLUS1353,12,GLU-3,M3,EXAMPLE_1
1464,508,3.788,448.2876,645,RLUS1353,12,GLU-3,M0,EXAMPLE_10
1465,508,3.788,449.2868,260,RLUS1353,12,GLU-3,M1,EXAMPLE_10
1466,508,3.788,450.3008,41131,RLUS1353,12,GLU-3,M0,EXAMPLE_3
1467,508,3.788,451.3051,12095,RLUS1353,12,GLU-3,M1,EXAMPLE_3
1468,508,3.788,452.3076,1981,RLUS1353,12,GLU-3,M2,EXAMPLE_3
1478,508,3.788,466.2971,1264,RLUS1353,12,GLU-3,M0,EXAMPLE_11
1479,508,3.788,467.2975,247,RLUS1353,12,GLU-3,M1,EXAMPLE_11
1481,508,3.788,468.3116,11589,RLUS1353,12,GLU-3,M0,EXAMPLE_4
1483,508,3.788,469.3163,3221,RLUS1353,12,GLU-3,M1,EXAMPLE_4
1485,509,3.796,432.2392,2907,RLUS1353,12,GLU-3,M0,EXAMPLE_1
1486,509,3.796,432.2898,4143,RLUS1353,12,GLU-3,M0,EXAMPLE_6
1488,509,3.796,433.2918,1729,RLUS1353,12,GLU-3,M1,EXAMPLE_6
1490,509,3.796,434.2912,507,RLUS1353,12,GLU-3,M1,EXAMPLE_9
1499,509,3.796,448.2815,636,RLUS1353,12,GLU-3,M0,EXAMPLE_10
1501,509,3.796,450.3016,34131,RLUS1353,12,GLU-3,M0,EXAMPLE_3
1502,509,3.796,451.3039,10978,RLUS1353,12,GLU-3,M1,EXAMPLE_3
1503,509,3.796,452.3058,2124,RLUS1353,12,GLU-3,M2,EXAMPLE_3
1504,509,3.796,453.3145,272,RLUS1353,12,GLU-3,M3,EXAMPLE_3
1510,509,3.796,466.293,1137,RLUS1353,12,GLU-3,M0,EXAMPLE_11
1511,509,3.796,467.2994,558,RLUS1353,12,GLU-3,M1,EXAMPLE_11
1512,509,3.796,468.3102,10819,RLUS1353,12,GLU-3,M0,EXAMPLE_4
1513,509,3.796,469.3138,2954,RLUS1353,12,GLU-3,M1,EXAMPLE_4
1514,510,3.803,432.2382,1884,RLUS1353,12,GLU-3,M0,EXAMPLE_1
1515,510,3.803,432.2888,3417,RLUS1353,12,GLU-3,M0,EXAMPLE_6
1516,510,3.803,433.2398,325,RLUS1353,12,GLU-3,M1,EXAMPLE_1
1517,510,3.803,433.2943,1308,RLUS1353,12,GLU-3,M1,EXAMPLE_6
1521,510,3.803,435.2452,139,RLUS1353,12,GLU-3,M3,EXAMPLE_1
1523,510,3.803,436.256,216,RLUS1353,12,GLU-3,M4,EXAMPLE_1
1528,510,3.803,448.2835,422,RLUS1353,12,GLU-3,M0,EXAMPLE_10
1529,510,3.803,449.2866,400,RLUS1353,12,GLU-3,M1,EXAMPLE_10
1530,510,3.803,450.3012,29483,RLUS1353,12,GLU-3,M0,EXAMPLE_3
1532,510,3.803,451.3038,9097,RLUS1353,12,GLU-3,M1,EXAMPLE_3
1533,510,3.803,452.3073,2050,RLUS1353,12,GLU-3,M2,EXAMPLE_3
1534,510,3.803,453.3114,221,RLUS1353,12,GLU-3,M3,EXAMPLE_3
1539,510,3.803,466.2954,834,RLUS1353,12,GLU-3,M0,EXAMPLE_11
1540,510,3.803,467.3014,449,RLUS1353,12,GLU-3,M1,EXAMPLE_11
1542,510,3.803,468.31,8760,RLUS1353,12,GLU-3,M0,EXAMPLE_4
1544,510,3.803,469.3128,3007,RLUS1353,12,GLU-3,M1,EXAMPLE_4
1545,511,3.81,432.237,1451,RLUS1353,12,GLU-3,M0,EXAMPLE_1
1546,511,3.81,432.288,2974,RLUS1353,12,GLU-3,M0,EXAMPLE_6
1547,511,3.81,433.241,634,RLUS1353,12,GLU-3,M1,EXAMPLE_1
1548,511,3.81,433.2909,1678,RLUS1353,12,GLU-3,M1,EXAMPLE_6
1550,511,3.81,434.2906,107,RLUS1353,12,GLU-3,M1,EXAMPLE_9
1561,511,3.81,449.2896,221,RLUS1353,12,GLU-3,M1,EXAMPLE_10
1562,511,3.81,450.3004,25566,RLUS1353,12,GLU-3,M0,EXAMPLE_3
1563,511,3.81,451.3036,8149,RLUS1353,12,GLU-3,M1,EXAMPLE_3
1564,511,3.81,452.3062,1696,RLUS1353,12,GLU-3,M2,EXAMPLE_3
1571,511,3.81,466.2988,1306,RLUS1353,12,GLU-3,M0,EXAMPLE_11
1572,511,3.81,467.295,121,RLUS1353,12,GLU-3,M1,EXAMPLE_11
1573,511,3.81,468.3118,6908,RLUS1353,12,GLU-3,M0,EXAMPLE_4
1575,511,3.81,469.3146,2251,RLUS1353,12,GLU-3,M1,EXAMPLE_4
1578,512,3.817,432.2895,3188,RLUS1353,12,GLU-3,M0,EXAMPLE_6
1580,512,3.817,433.2896,1121,RLUS1353,12,GLU-3,M1,EXAMPLE_6
1582,512,3.817,434.2948,314,RLUS1353,12,GLU-3,M2,EXAMPLE_6
1587,512,3.817,448.284,1024,RLUS1353,12,GLU-3,M0,EXAMPLE_10
1589,512,3.817,450.3008,30979,RLUS1353,12,GLU-3,M0,EXAMPLE_3
1590,512,3.817,451.3042,10163,RLUS1353,12,GLU-3,M1,EXAMPLE_3
1591,512,3.817,452.306,1935,RLUS1353,12,GLU-3,M2,EXAMPLE_3
1600,512,3.817,466.295,1845,RLUS1353,12,GLU-3,M0,EXAMPLE_11
1601,512,3.817,467.2965,330,RLUS1353,12,GLU-3,M1,EXAMPLE_11
1602,512,3.817,468.31,7275,RLUS1353,12,GLU-3,M0,EXAMPLE_4
1603,512,3.817,469.3136,1956,RLUS1353,12,GLU-3,M1,EXAMPLE_4
1609,496,3.703,432.2914,290,RLUS1353,12,GLU-4,M0,EXAMPLE_6
1616,496,3.703,448.2836,1297,RLUS1353,12,GLU-4,M0,EXAMPLE_10
1619,496,3.703,450.3023,2315,RLUS1353,12,GLU-4,M0,EXAMPLE_3
1620,496,3.703,451.3035,315,RLUS1353,12,GLU-4,M1,EXAMPLE_3
1628,496,3.703,466.2942,1239,RLUS1353,12,GLU-4,M0,EXAMPLE_11
1631,496,3.703,468.313,329,RLUS1353,12,GLU-4,M0,EXAMPLE_4
1634,497,3.71,432.2864,286,RLUS1353,12,GLU-4,M0,EXAMPLE_6
1640,497,3.71,448.2824,729,RLUS1353,12,GLU-4,M0,EXAMPLE_10
1642,497,3.71,449.29,299,RLUS1353,12,GLU-4,M1,EXAMPLE_10
1643,497,3.71,450.2997,1329,RLUS1353,12,GLU-4,M0,EXAMPLE_3
1648,497,3.71,466.2929,1042,RLUS1353,12,GLU-4,M0,EXAMPLE_11
1649,497,3.71,467.2946,364,RLUS1353,12,GLU-4,M1,EXAMPLE_11
1650,497,3.71,468.3098,484,RLUS1353,12,GLU-4,M0,EXAMPLE_4
1652,498,3.717,432.2382,1715,RLUS1353,12,GLU-4,M0,EXAMPLE_1
1653,498,3.717,432.2866,386,RLUS1353,12,GLU-4,M0,EXAMPLE_6
1654,498,3.717,433.2424,365,RLUS1353,12,GLU-4,M1,EXAMPLE_1
1655,498,3.717,434.2412,100,RLUS1353,12,GLU-4,M2,EXAMPLE_1
1662,498,3.717,448.284,835,RLUS1353,12,GLU-4,M0,EXAMPLE_10
1663,498,3.717,449.2868,211,RLUS1353,12,GLU-4,M1,EXAMPLE_10
1664,498,3.717,450.3029,2500,RLUS1353,12,GLU-4,M0,EXAMPLE_3
1665,498,3.717,451.3025,788,RLUS1353,12,GLU-4,M1,EXAMPLE_3
1666,498,3.717,452.3052,196,RLUS1353,12,GLU-4,M2,EXAMPLE_3
1672,498,3.717,466.2984,897,RLUS1353,12,GLU-4,M0,EXAMPLE_11
1674,498,3.717,468.309,933,RLUS1353,12,GLU-4,M0,EXAMPLE_4
1675,498,3.717,469.3182,292,RLUS1353,12,GLU-4,M1,EXAMPLE_4
1676,499,3.724,432.2396,5603,RLUS1353,12,GLU-4,M0,EXAMPLE_1
1677,499,3.724,432.2934,585,RLUS1353,12,GLU-4,M0,EXAMPLE_6
1678,499,3.724,433.2411,1016,RLUS1353,12,GLU-4,M1,EXAMPLE_1
1679,499,3.724,433.289,206,RLUS1353,12,GLU-4,M1,EXAMPLE_6
1680,499,3.724,434.2447,148,RLUS1353,12,GLU-4,M2,EXAMPLE_1
1686,499,3.724,448.2839,730,RLUS1353,12,GLU-4,M0,EXAMPLE_10
1688,499,3.724,450.3026,5228,RLUS1353,12,GLU-4,M0,EXAMPLE_3
1689,499,3.724,451.3018,1637,RLUS1353,12,GLU-4,M1,EXAMPLE_3
1695,499,3.724,466.2972,665,RLUS1353,12,GLU-4,M0,EXAMPLE_11
1696,499,3.724,468.3104,1125,RLUS1353,12,GLU-4,M0,EXAMPLE_4
1698,499,3.724,469.3179,366,RLUS1353,12,GLU-4,M1,EXAMPLE_4
1700,500,3.731,432.2383,13121,RLUS1353,12,GLU-4,M0,EXAMPLE_1
1702,500,3.731,433.2412,4346,RLUS1353,12,GLU-4,M1,EXAMPLE_1
1703,500,3.731,433.2957,407,RLUS1353,12,GLU-4,M1,EXAMPLE_6
1704,500,3.731,434.2447,713,RLUS1353,12,GLU-4,M2,EXAMPLE_1
1715,500,3.731,448.2874,578,RLUS1353,12,GLU-4,M0,EXAMPLE_10
1716,500,3.731,450.3018,9189,RLUS1353,12,GLU-4,M0,EXAMPLE_3
1717,500,3.731,451.3041,2921,RLUS1353,12,GLU-4,M1,EXAMPLE_3
1718,500,3.731,452.3026,639,RLUS1353,12,GLU-4,M0,EXAMPLE_8
1723,500,3.731,466.2967,642,RLUS1353,12,GLU-4,M0,EXAMPLE_11
1724,500,3.731,467.3004,158,RLUS1353,12,GLU-4,M1,EXAMPLE_11
1725,500,3.731,468.3093,2652,RLUS1353,12,GLU-4,M0,EXAMPLE_4
1730,501,3.738,432.2394,18148,RLUS1353,12,GLU-4,M0,EXAMPLE_1
1731,501,3.738,432.2918,4689,RLUS1353,12,GLU-4,M0,EXAMPLE_6
1732,501,3.738,433.2424,4803,RLUS1353,12,GLU-4,M1,EXAMPLE_1
1733,501,3.738,433.2942,1698,RLUS1353,12,GLU-4,M1,EXAMPLE_6
1734,501,3.738,434.2468,865,RLUS1353,12,GLU-4,M2,EXAMPLE_1
1735,501,3.738,434.2993,237,RLUS1353,12,GLU-4,M2,EXAMPLE_6
1744,501,3.738,448.286,873,RLUS1353,12,GLU-4,M0,EXAMPLE_10
1745,501,3.738,449.2854,138,RLUS1353,12,GLU-4,M1,EXAMPLE_10
1746,501,3.738,450.3006,34740,RLUS1353,12,GLU-4,M0,EXAMPLE_3
1747,501,3.738,451.3043,12603,RLUS1353,12,GLU-4,M1,EXAMPLE_3
1748,501,3.738,452.3056,2233,RLUS1353,12,GLU-4,M2,EXAMPLE_3
1749,501,3.738,453.3078,297,RLUS1353,12,GLU-4,M3,EXAMPLE_3
1754,501,3.738,466.2953,1145,RLUS1353,12,GLU-4,M0,EXAMPLE_11
1755,501,3.738,467.2983,517,RLUS1353,12,GLU-4,M1,EXAMPLE_11
1756,501,3.738,468.3114,11140,RLUS1353,12,GLU-4,M0,EXAMPLE_4
1758,501,3.738,469.3141,3108,RLUS1353,12,GLU-4,M1,EXAMPLE_4
1760,502,3.745,432.2404,19536,RLUS1353,12,GLU-4,M0,EXAMPLE_1
1761,502,3.745,432.2885,15908,RLUS1353,12,GLU-4,M0,EXAMPLE_6
1762,502,3.745,433.2418,4798,RLUS1353,12,GLU-4,M1,EXAMPLE_1
1763,502,3.745,433.2914,7377,RLUS1353,12,GLU-4,M1,EXAMPLE_6
1764,502,3.745,434.2492,791,RLUS1353,12,GLU-4,M2,EXAMPLE_1
1765,502,3.745,434.2974,927,RLUS1353,12,GLU-4,M2,EXAMPLE_6
1774,502,3.745,448.2879,1706,RLUS1353,12,GLU-4,M0,EXAMPLE_10
1775,502,3.745,449.2854,839,RLUS1353,12,GLU-4,M1,EXAMPLE_10
1777,502,3.745,450.3008,116035,RLUS1353,12,GLU-4,M0,EXAMPLE_3
1779,502,3.745,451.3036,36419,RLUS1353,12,GLU-4,M1,EXAMPLE_3
1780,502,3.745,452.3076,6032,RLUS1353,12,GLU-4,M2,EXAMPLE_3
1781,502,3.745,453.3106,784,RLUS1353,12,GLU-4,M3,EXAMPLE_3
1791,502,3.745,466.294,2086,RLUS1353,12,GLU-4,M0,EXAMPLE_11
1792,502,3.745,467.2985,833,RLUS1353,12,GLU-4,M1,EXAMPLE_11
1793,502,3.745,468.3122,32870,RLUS1353,12,GLU-4,M0,EXAMPLE_4
1795,502,3.745,469.3146,11360,RLUS1353,12,GLU-4,M1,EXAMPLE_4
1798,503,3.753,432.2388,10367,RLUS1353,12,GLU-4,M0,EXAMPLE_1
1799,503,3.753,432.2907,26640,RLUS1353,12,GLU-4,M0,EXAMPLE_6
1801,503,3.753,433.2404,3207,RLUS1353,12,GLU-4,M1,EXAMPLE_1
1802,503,3.753,433.2914,9282,RLUS1353,12,GLU-4,M1,EXAMPLE_6
1803,503,3.753,434.2416,289,RLUS1353,12,GLU-4,M2,EXAMPLE_1
1804,503,3.753,434.2931,1869,RLUS1353,12,GLU-4,M2,EXAMPLE_6
1806,503,3.753,435.2967,294,RLUS1353,12,GLU-4,M3,EXAMPLE_6
1813,503,3.753,448.2848,2571,RLUS1353,12,GLU-4,M0,EXAMPLE_10
1816,503,3.753,450.3013,190994,RLUS1353,12,GLU-4,M0,EXAMPLE_3
1822,503,3.753,451.3038,62107,RLUS1353,12,GLU-4,M1,EXAMPLE_3
1825,503,3.753,452.3072,10007,RLUS1353,12,GLU-4,M2,EXAMPLE_3
1826,503,3.753,453.31,999,RLUS1353,12,GLU-4,M3,EXAMPLE_3
1833,503,3.753,466.2961,4012,RLUS1353,12,GLU-4,M0,EXAMPLE_11
1834,503,3.753,467.2996,1146,RLUS1353,12,GLU-4,M1,EXAMPLE_11
1835,503,3.753,468.3106,56184,RLUS1353,12,GLU-4,M0,EXAMPLE_4
1837,503,3.753,469.3144,18400,RLUS1353,12,GLU-4,M1,EXAMPLE_4
1839,504,3.76,432.2358,3395,RLUS1353,12,GLU-4,M0,EXAMPLE_1
1840,504,3.76,432.2896,25620,RLUS1353,12,GLU-4,M0,EXAMPLE_6
1842,504,3.76,433.2892,9887,RLUS1353,12,GLU-4,M1,EXAMPLE_6
1844,504,3.76,434.294,1341,RLUS1353,12,GLU-4,M2,EXAMPLE_6
1850,504,3.76,448.2862,1978,RLUS1353,12,GLU-4,M0,EXAMPLE_10
1851,504,3.76,449.2909,610,RLUS1353,12,GLU-4,M1,EXAMPLE_10
1853,504,3.76,450.3012,183188,RLUS1353,12,GLU-4,M0,EXAMPLE_3
1857,504,3.76,451.3033,59415,RLUS1353,12,GLU-4,M1,EXAMPLE_3
1859,504,3.76,452.3068,9728,RLUS1353,12,GLU-4,M2,EXAMPLE_3
1860,504,3.76,453.309,1159,RLUS1353,12,GLU-4,M3,EXAMPLE_3
1868,504,3.76,466.2985,2429,RLUS1353,12,GLU-4,M0,EXAMPLE_11
1869,504,3.76,467.2996,733,RLUS1353,12,GLU-4,M1,EXAMPLE_11
1870,504,3.76,468.3112,54579,RLUS1353,12,GLU-4,M0,EXAMPLE_4
1872,504,3.76,469.315,17535,RLUS1353,12,GLU-4,M1,EXAMPLE_4
1873,505,3.767,432.2352,1961,RLUS1353,12,GLU-4,M0,EXAMPLE_1
1874,505,3.767,432.2898,17440,RLUS1353,12,GLU-4,M0,EXAMPLE_6
1875,505,3.767,433.2455,712,RLUS1353,12,GLU-4,M1,EXAMPLE_1
1876,505,3.767,433.2926,6153,RLUS1353,12,GLU-4,M1,EXAMPLE_6
1877,505,3.767,434.2456,263,RLUS1353,12,GLU-4,M2,EXAMPLE_1
1878,505,3.767,434.2958,677,RLUS1353,12,GLU-4,M2,EXAMPLE_6
1880,505,3.767,435.2965,106,RLUS1353,12,GLU-4,M3,EXAMPLE_6
1886,505,3.767,448.2844,1400,RLUS1353,12,GLU-4,M0,EXAMPLE_10
1887,505,3.767,449.2902,596,RLUS1353,12,GLU-4,M1,EXAMPLE_10
1888,505,3.767,450.3009,127800,RLUS1353,12,GLU-4,M0,EXAMPLE_3
1889,505,3.767,451.3045,39026,RLUS1353,12,GLU-4,M1,EXAMPLE_3
1890,505,3.767,452.3066,6550,RLUS1353,12,GLU-4,M2,EXAMPLE_3
1891,505,3.767,453.3129,1015,RLUS1353,12,GLU-4,M3,EXAMPLE_3
1900,505,3.767,466.2938,1664,RLUS1353,12,GLU-4,M0,EXAMPLE_11
1901,505,3.767,467.2998,543,RLUS1353,12,GLU-4,M1,EXAMPLE_11
1902,505,3.767,468.3112,40928,RLUS1353,12,GLU-4,M0,EXAMPLE_4
1904,505,3.767,469.3144,13797,RLUS1353,12,GLU-4,M1,EXAMPLE_4
1905,506,3.774,432.2366,2223,RLUS1353,12,GLU-4,M0,EXAMPLE_1
1906,506,3.774,432.2898,8944,RLUS1353,12,GLU-4,M0,EXAMPLE_6
1908,506,3.774,433.2912,2773,RLUS1353,12,GLU-4,M1,EXAMPLE_6
1910,506,3.774,434.2944,550,RLUS1353,12,GLU-4,M2,EXAMPLE_6
1917,506,3.774,448.2868,639,RLUS1353,12,GLU-4,M0,EXAMPLE_10
1919,506,3.774,450.3009,64591,RLUS1353,12,GLU-4,M0,EXAMPLE_3
1921,506,3.774,451.3044,20029,RLUS1353,12,GLU-4,M1,EXAMPLE_3
1922,506,3.774,452.307,3996,RLUS1353,12,GLU-4,M2,EXAMPLE_3
1923,506,3.774,453.313,447,RLUS1353,12,GLU-4,M3,EXAMPLE_3
1930,506,3.774,467.296,254,RLUS1353,12,GLU-4,M1,EXAMPLE_11
1931,506,3.774,468.3103,20408,RLUS1353,12,GLU-4,M0,EXAMPLE_4
1933,506,3.774,469.3148,7309,RLUS1353,12,GLU-4,M1,EXAMPLE_4
1934,507,3.781,432.2407,3019,RLUS1353,12,GLU-4,M0,EXAMPLE_1
1935,507,3.781,432.2891,4584,RLUS1353,12,GLU-4,M0,EXAMPLE_6
1936,507,3.781,433.2427,839,RLUS1353,12,GLU-4,M1,EXAMPLE_1
1937,507,3.781,433.2884,1489,RLUS1353,12,GLU-4,M0,EXAMPLE_9
1939,507,3.781,434.2932,380,RLUS1353,12,GLU-4,M2,EXAMPLE_6
1948,507,3.781,448.2837,554,RLUS1353,12,GLU-4,M0,EXAMPLE_10
1949,507,3.781,449.2918,197,RLUS1353,12,GLU-4,M1,EXAMPLE_10
1950,507,3.781,450.3006,37102,RLUS1353,12,GLU-4,M0,EXAMPLE_3
1952,507,3.781,451.3052,11250,RLUS1353,12,GLU-4,M1,EXAMPLE_3
1953,507,3.781,452.3054,1595,RLUS1353,12,GLU-4,M2,EXAMPLE_3
1954,507,3.781,453.3114,401,RLUS1353,12,GLU-4,M3,EXAMPLE_3
1957,507,3.781,466.2962,785,RLUS1353,12,GLU-4,M0,EXAMPLE_11
1958,507,3.781,467.2994,253,RLUS1353,12,GLU-4,M1,EXAMPLE_11
1959,507,3.781,468.31,11523,RLUS1353,12,GLU-4,M0,EXAMPLE_4
1961,507,3.781,469.3152,3358,RLUS1353,12,GLU-4,M1,EXAMPLE_4
1962,508,3.788,432.2394,2302,RLUS1353,12,GLU-4,M0,EXAMPLE_1
1963,508,3.788,432.2894,1822,RLUS1353,12,GLU-4,M0,EXAMPLE_6
1964,508,3.788,433.24,641,RLUS1353,12,GLU-4,M1,EXAMPLE_1
1965,508,3.788,433.2888,848,RLUS1353,12,GLU-4,M0,EXAMPLE_9
1966,508,3.788,434.2947,171,RLUS1353,12,GLU-4,M2,EXAMPLE_6
1971,508,3.788,448.281,291,RLUS1353,12,GLU-4,M0,EXAMPLE_10
1972,508,3.788,450.2994,19347,RLUS1353,12,GLU-4,M0,EXAMPLE_3
1973,508,3.788,451.3032,6790,RLUS1353,12,GLU-4,M1,EXAMPLE_3
1974,508,3.788,452.3066,1088,RLUS1353,12,GLU-4,M2,EXAMPLE_3
1975,508,3.788,453.3079,245,RLUS1353,12,GLU-4,M3,EXAMPLE_3
1981,508,3.788,466.2909,647,RLUS1353,12,GLU-4,M0,EXAMPLE_11
1982,508,3.788,467.3022,302,RLUS1353,12,GLU-4,M1,EXAMPLE_11
1983,508,3.788,468.3118,6899,RLUS1353,12,GLU-4,M0,EXAMPLE_4
1984,508,3.788,469.3136,1787,RLUS1353,12,GLU-4,M1,EXAMPLE_4
1985,509,3.795,432.2368,1679,RLUS1353,12,GLU-4,M0,EXAMPLE_1
1986,509,3.795,432.2907,1956,RLUS1353,12,GLU-4,M0,EXAMPLE_6
1987,509,3.795,433.2455,412,RLUS1353,12,GLU-4,M1,EXAMPLE_1
1988,509,3.795,433.2875,446,RLUS1353,12,GLU-4,M0,EXAMPLE_9
1990,509,3.795,434.2936,106,RLUS1353,12,GLU-4,M2,EXAMPLE_6
1993,509,3.795,448.2831,274,RLUS1353,12,GLU-4,M0,EXAMPLE_10
1995,509,3.795,450.301,17520,RLUS1353,12,GLU-4,M0,EXAMPLE_3
1996,509,3.795,451.3043,5465,RLUS1353,12,GLU-4,M1,EXAMPLE_3
1997,509,3.795,452.3094,854,RLUS1353,12,GLU-4,M2,EXAMPLE_3
2003,509,3.795,466.2914,895,RLUS1353,12,GLU-4,M0,EXAMPLE_11
2004,509,3.795,468.3122,6197,RLUS1353,12,GLU-4,M0,EXAMPLE_4
2005,509,3.795,469.3117,1873,RLUS1353,12,GLU-4,M1,EXAMPLE_4
2007,510,3.803,432.24,1818,RLUS1353,12,GLU-4,M0,EXAMPLE_1
2008,510,3.803,432.2894,1725,RLUS1353,12,GLU-4,M0,EXAMPLE_6
2009,510,3.803,433.239,458,RLUS1353,12,GLU-4,M1,EXAMPLE_1
2010,510,3.803,433.2902,688,RLUS1353,12,GLU-4,M1,EXAMPLE_6
2011,510,3.803,434.2472,203,RLUS1353,12,GLU-4,M2,EXAMPLE_1
2012,510,3.803,434.2926,136,RLUS1353,12,GLU-4,M2,EXAMPLE_6
2020,510,3.803,449.2836,113,RLUS1353,12,GLU-4,M1,EXAMPLE_10
2021,510,3.803,450.3003,16000,RLUS1353,12,GLU-4,M0,EXAMPLE_3
2022,510,3.803,451.303,4666,RLUS1353,12,GLU-4,M1,EXAMPLE_3
2023,510,3.803,452.305,907,RLUS1353,12,GLU-4,M2,EXAMPLE_3
2030,510,3.803,466.293,793,RLUS1353,12,GLU-4,M0,EXAMPLE_11
2031,510,3.803,467.3016,284,RLUS1353,12,GLU-4,M1,EXAMPLE_11
2032,510,3.803,468.3118,4827,RLUS1353,12,GLU-4,M0,EXAMPLE_4
2033,510,3.803,469.3162,2246,RLUS1353,12,GLU-4,M1,EXAMPLE_4
2034,511,3.81,432.2364,898,RLUS1353,12,GLU-4,M0,EXAMPLE_1
2035,511,3.81,432.2913,1421,RLUS1353,12,GLU-4,M0,EXAMPLE_6
2036,511,3.81,433.2426,511,RLUS1353,12,GLU-4,M1,EXAMPLE_1
2037,511,3.81,433.2921,539,RLUS1353,12,GLU-4,M1,EXAMPLE_6
2043,511,3.81,448.2862,203,RLUS1353,12,GLU-4,M0,EXAMPLE_10
2044,511,3.81,449.2859,234,RLUS1353,12,GLU-4,M1,EXAMPLE_10
2045,511,3.81,450.2993,13555,RLUS1353,12,GLU-4,M0,EXAMPLE_3
2046,511,3.81,451.3042,4537,RLUS1353,12,GLU-4,M1,EXAMPLE_3
2047,511,3.81,452.3025,756,RLUS1353,12,GLU-4,M0,EXAMPLE_8
2050,511,3.81,466.2934,712,RLUS1353,12,GLU-4,M0,EXAMPLE_11
2051,511,3.81,467.2951,313,RLUS1353,12,GLU-4,M1,EXAMPLE_11
2052,511,3.81,468.3115,4092,RLUS1353,12,GLU-4,M0,EXAMPLE_4
2053,511,3.81,469.3129,1295,RLUS1353,12,GLU-4,M1,EXAMPLE_4
2055,512,3.817,432.2872,2031,RLUS1353,12,GLU-4,M0,EXAMPLE_6
2058,512,3.817,433.2964,581,RLUS1353,12,GLU-4,M1,EXAMPLE_6
2063,512,3.817,448.2828,607,RLUS1353,12,GLU-4,M0,EXAMPLE_10
2065,512,3.817,450.3006,16191,RLUS1353,12,GLU-4,M0,EXAMPLE_3
2066,512,3.817,451.3037,4085,RLUS1353,12,GLU-4,M1,EXAMPLE_3
2069,512,3.817,453.3118,201,RLUS1353,12,GLU-4,M3,EXAMPLE_3
2077,512,3.817,466.2937,971,RLUS1353,12,GLU-4,M0,EXAMPLE_11
2078,512,3.817,467.2974,378,RLUS1353,12,GLU-4,M1,EXAMPLE_11
2079,512,3.817,468.3076,4056,RLUS1353,12,GLU-4,M0,EXAMPLE_4
2080,512,3.817,469.3133,1263,RLUS1353,12,GLU-4,M1,EXAMPLE_4
