scanindex,rettime,mz,intensity,organism,isotope,condition
23,3.698,453.7842,345,RLUS1353,13,ACE-1
496,3.703,435.1743,390,RLUS1353,13,ACE-1
496,3.703,435.2386,108,RLUS1353,13,ACE-1
496,3.703,437.1628,313,RLUS1353,13,ACE-1
496,3.703,438.1834,227,RLUS1353,13,ACE-1
496,3.703,444.376,115,RLUS1353,13,ACE-1
496,3.703,445.312,130,RLUS1353,13,ACE-1
496,3.703,449.3807,113,RLUS1353,13,ACE-1
496,3.703,450.392,113,RLUS1353,13,ACE-1
496,3.703,451.3001,286,RLUS1353,13,ACE-1
496,3.703,452.3096,337,RLUS1353,13,ACE-1
496,3.703,453.1827,205,RLUS1353,13,ACE-1
496,3.703,453.3112,368,RLUS1353,13,ACE-1
496,3.703,454.307,120,RLUS1353,13,ACE-1
496,3.703,455.3176,339,RLUS1353,13,ACE-1
496,3.703,468.2988,313,RLUS1353,13,ACE-1
496,3.703,469.3014,334,RLUS1353,13,ACE-1
497,3.71,435.1678,587,RLUS1353,13,ACE-1
497,3.71,436.185,132,RLUS1353,13,ACE-1
497,3.71,437.1685,337,RLUS1353,13,ACE-1
497,3.71,449.2868,209,RLUS1353,13,ACE-1
497,3.71,449.389,163,RLUS1353,13,ACE-1
497,3.71,450.2856,117,RLUS1353,13,ACE-1
497,3.71,451.298,321,RLUS1353,13,ACE-1
497,3.71,452.3074,411,RLUS1353,13,ACE-1
497,3.71,453.1844,196,RLUS1353,13,ACE-1
497,3.71,453.3036,242,RLUS1353,13,ACE-1
497,3.71,454.317,211,RLUS1353,13,ACE-1
497,3.71,455.3095,148,RLUS1353,13,ACE-1
497,3.71,466.293,117,RLUS1353,13,ACE-1
497,3.71,467.2777,157,RLUS1353,13,ACE-1
497,3.71,468.3026,295,RLUS1353,13,ACE-1
497,3.71,469.303,445,RLUS1353,13,ACE-1
498,3.717,435.1663,530,RLUS1353,13,ACE-1
498,3.717,436.1696,218,RLUS1353,13,ACE-1
498,3.717,437.1677,385,RLUS1353,13,ACE-1
498,3.717,444.2992,103,RLUS1353,13,ACE-1
498,3.717,449.3847,146,RLUS1353,13,ACE-1
498,3.717,450.293,148,RLUS1353,13,ACE-1
498,3.717,451.3028,190,RLUS1353,13,ACE-1
498,3.717,452.3028,554,RLUS1353,13,ACE-1
498,3.717,453.1829,160,RLUS1353,13,ACE-1
498,3.717,453.3046,595,RLUS1353,13,ACE-1
498,3.717,454.3152,428,RLUS1353,13,ACE-1
498,3.717,455.3182,136,RLUS1353,13,ACE-1
498,3.717,466.2828,138,RLUS1353,13,ACE-1
498,3.717,467.2868,113,RLUS1353,13,ACE-1
498,3.717,468.2696,108,RLUS1353,13,ACE-1
498,3.717,469.3024,294,RLUS1353,13,ACE-1
498,3.717,470.3042,128,RLUS1353,13,ACE-1
499,3.724,432.2464,145,RLUS1353,13,ACE-1
499,3.724,433.2896,129,RLUS1353,13,ACE-1
499,3.724,435.17,607,RLUS1353,13,ACE-1
499,3.724,435.2948,178,RLUS1353,13,ACE-1
499,3.724,437.1607,419,RLUS1353,13,ACE-1
499,3.724,440.3342,147,RLUS1353,13,ACE-1
499,3.724,450.296,335,RLUS1353,13,ACE-1
499,3.724,451.2969,226,RLUS1353,13,ACE-1
499,3.724,452.3047,804,RLUS1353,13,ACE-1
499,3.724,453.3115,770,RLUS1353,13,ACE-1
499,3.724,454.3154,347,RLUS1353,13,ACE-1
499,3.724,455.3203,527,RLUS1353,13,ACE-1
499,3.724,456.318,113,RLUS1353,13,ACE-1
499,3.724,457.3276,123,RLUS1353,13,ACE-1
499,3.724,466.287,107,RLUS1353,13,ACE-1
499,3.724,468.3007,323,RLUS1353,13,ACE-1
499,3.724,469.3098,276,RLUS1353,13,ACE-1
500,3.732,432.2392,136,RLUS1353,13,ACE-1
500,3.732,432.2918,104,RLUS1353,13,ACE-1
500,3.732,433.2472,154,RLUS1353,13,ACE-1
500,3.732,434.2936,103,RLUS1353,13,ACE-1
500,3.732,435.1729,1050,RLUS1353,13,ACE-1
500,3.732,435.2998,134,RLUS1353,13,ACE-1
500,3.732,437.1719,103,RLUS1353,13,ACE-1
500,3.732,439.1522,139,RLUS1353,13,ACE-1
500,3.732,449.3877,111,RLUS1353,13,ACE-1
500,3.732,450.2991,472,RLUS1353,13,ACE-1
500,3.732,451.3032,754,RLUS1353,13,ACE-1
500,3.732,452.3064,1087,RLUS1353,13,ACE-1
500,3.732,453.3118,1169,RLUS1353,13,ACE-1
500,3.732,454.3168,1040,RLUS1353,13,ACE-1
500,3.732,455.3206,916,RLUS1353,13,ACE-1
500,3.732,456.3248,377,RLUS1353,13,ACE-1
500,3.732,458.2804,149,RLUS1353,13,ACE-1
500,3.732,459.281,158,RLUS1353,13,ACE-1
500,3.732,460.2342,125,RLUS1353,13,ACE-1
500,3.732,467.2888,114,RLUS1353,13,ACE-1
500,3.732,468.3122,201,RLUS1353,13,ACE-1
500,3.732,469.3184,363,RLUS1353,13,ACE-1
501,3.739,432.2384,402,RLUS1353,13,ACE-1
501,3.739,432.2828,164,RLUS1353,13,ACE-1
501,3.739,434.2967,645,RLUS1353,13,ACE-1
501,3.739,435.1626,492,RLUS1353,13,ACE-1
501,3.739,435.2983,476,RLUS1353,13,ACE-1
501,3.739,436.0822,112,RLUS1353,13,ACE-1
501,3.739,436.3043,374,RLUS1353,13,ACE-1
501,3.739,437.166,198,RLUS1353,13,ACE-1
501,3.739,437.3097,315,RLUS1353,13,ACE-1
501,3.739,438.3102,175,RLUS1353,13,ACE-1
501,3.739,450.2976,1222,RLUS1353,13,ACE-1
501,3.739,451.3048,3824,RLUS1353,13,ACE-1
501,3.739,452.3083,4816,RLUS1353,13,ACE-1
501,3.739,453.3098,5525,RLUS1353,13,ACE-1
501,3.739,454.316,3846,RLUS1353,13,ACE-1
501,3.739,455.1296,100,RLUS1353,13,ACE-1
501,3.739,455.3195,3165,RLUS1353,13,ACE-1
501,3.739,456.3206,1431,RLUS1353,13,ACE-1
501,3.739,457.271,124,RLUS1353,13,ACE-1
501,3.739,457.3226,294,RLUS1353,13,ACE-1
501,3.739,458.2822,238,RLUS1353,13,ACE-1
501,3.739,458.3285,148,RLUS1353,13,ACE-1
501,3.739,467.284,138,RLUS1353,13,ACE-1
501,3.739,468.3044,541,RLUS1353,13,ACE-1
501,3.739,469.3131,1637,RLUS1353,13,ACE-1
502,3.746,432.2366,486,RLUS1353,13,ACE-1
502,3.746,432.2942,436,RLUS1353,13,ACE-1
502,3.746,433.2934,1225,RLUS1353,13,ACE-1
502,3.746,434.2984,1437,RLUS1353,13,ACE-1
502,3.746,435.1677,521,RLUS1353,13,ACE-1
502,3.746,435.299,1631,RLUS1353,13,ACE-1
502,3.746,436.1714,200,RLUS1353,13,ACE-1
502,3.746,436.238,108,RLUS1353,13,ACE-1
502,3.746,436.3032,1324,RLUS1353,13,ACE-1
502,3.746,437.1678,314,RLUS1353,13,ACE-1
502,3.746,437.3076,737,RLUS1353,13,ACE-1
502,3.746,438.1594,181,RLUS1353,13,ACE-1
502,3.746,438.2582,136,RLUS1353,13,ACE-1
502,3.746,438.3018,424,RLUS1353,13,ACE-1
502,3.746,439.3136,137,RLUS1353,13,ACE-1
502,3.746,450.2978,4460,RLUS1353,13,ACE-1
502,3.746,451.3052,9745,RLUS1353,13,ACE-1
502,3.746,452.3076,15532,RLUS1353,13,ACE-1
502,3.746,453.1744,115,RLUS1353,13,ACE-1
502,3.746,453.311,15148,RLUS1353,13,ACE-1
502,3.746,454.3139,12263,RLUS1353,13,ACE-1
502,3.746,455.3187,8938,RLUS1353,13,ACE-1
502,3.746,456.3209,3838,RLUS1353,13,ACE-1
502,3.746,456.5924,131,RLUS1353,13,ACE-1
502,3.746,457.3252,1878,RLUS1353,13,ACE-1
502,3.746,458.2751,274,RLUS1353,13,ACE-1
502,3.746,458.3278,470,RLUS1353,13,ACE-1
502,3.746,459.27,146,RLUS1353,13,ACE-1
502,3.746,466.2848,124,RLUS1353,13,ACE-1
502,3.746,467.2961,326,RLUS1353,13,ACE-1
502,3.746,468.3094,1998,RLUS1353,13,ACE-1
502,3.746,469.1528,118,RLUS1353,13,ACE-1
502,3.746,469.3141,4081,RLUS1353,13,ACE-1
503,3.753,432.2388,389,RLUS1353,13,ACE-1
503,3.753,432.2906,630,RLUS1353,13,ACE-1
503,3.753,433.2448,205,RLUS1353,13,ACE-1
503,3.753,433.2943,2421,RLUS1353,13,ACE-1
503,3.753,434.2981,3177,RLUS1353,13,ACE-1
503,3.753,435.1697,767,RLUS1353,13,ACE-1
503,3.753,435.2996,3660,RLUS1353,13,ACE-1
503,3.753,436.176,292,RLUS1353,13,ACE-1
503,3.753,436.3038,2462,RLUS1353,13,ACE-1
503,3.753,436.9586,166,RLUS1353,13,ACE-1
503,3.753,437.1667,406,RLUS1353,13,ACE-1
503,3.753,437.305,1909,RLUS1353,13,ACE-1
503,3.753,438.1704,178,RLUS1353,13,ACE-1
503,3.753,438.3064,683,RLUS1353,13,ACE-1
503,3.753,439.317,480,RLUS1353,13,ACE-1
503,3.753,440.32,211,RLUS1353,13,ACE-1
503,3.753,448.2165,112,RLUS1353,13,ACE-1
503,3.753,448.2758,101,RLUS1353,13,ACE-1
503,3.753,449.2914,166,RLUS1353,13,ACE-1
503,3.753,450.299,6238,RLUS1353,13,ACE-1
503,3.753,451.3036,17222,RLUS1353,13,ACE-1
503,3.753,452.308,24064,RLUS1353,13,ACE-1
503,3.753,453.1682,101,RLUS1353,13,ACE-1
503,3.753,453.3114,25177,RLUS1353,13,ACE-1
503,3.753,454.3141,20934,RLUS1353,13,ACE-1
503,3.753,455.3178,14337,RLUS1353,13,ACE-1
503,3.753,456.322,7161,RLUS1353,13,ACE-1
503,3.753,457.3272,3446,RLUS1353,13,ACE-1
503,3.753,458.3296,1452,RLUS1353,13,ACE-1
503,3.753,459.3331,242,RLUS1353,13,ACE-1
503,3.753,460.2313,191,RLUS1353,13,ACE-1
503,3.753,466.2864,236,RLUS1353,13,ACE-1
503,3.753,467.2904,297,RLUS1353,13,ACE-1
503,3.753,468.3076,2433,RLUS1353,13,ACE-1
503,3.753,469.3145,5256,RLUS1353,13,ACE-1
504,3.76,432.24,336,RLUS1353,13,ACE-1
504,3.76,432.2859,572,RLUS1353,13,ACE-1
504,3.76,433.2934,1596,RLUS1353,13,ACE-1
504,3.76,434.2954,1990,RLUS1353,13,ACE-1
504,3.76,435.1685,802,RLUS1353,13,ACE-1
504,3.76,435.2986,1798,RLUS1353,13,ACE-1
504,3.76,436.1644,179,RLUS1353,13,ACE-1
504,3.76,436.3035,2338,RLUS1353,13,ACE-1
504,3.76,437.0208,100,RLUS1353,13,ACE-1
504,3.76,437.166,470,RLUS1353,13,ACE-1
504,3.76,437.3056,1155,RLUS1353,13,ACE-1
504,3.76,438.157,159,RLUS1353,13,ACE-1
504,3.76,438.3101,664,RLUS1353,13,ACE-1
504,3.76,439.1722,228,RLUS1353,13,ACE-1
504,3.76,439.3083,209,RLUS1353,13,ACE-1
504,3.76,440.3146,230,RLUS1353,13,ACE-1
504,3.76,443.019,104,RLUS1353,13,ACE-1
504,3.76,450.3012,5522,RLUS1353,13,ACE-1
504,3.76,451.3038,14271,RLUS1353,13,ACE-1
504,3.76,452.3078,22254,RLUS1353,13,ACE-1
504,3.76,453.3113,22870,RLUS1353,13,ACE-1
504,3.76,454.3134,17002,RLUS1353,13,ACE-1
504,3.76,455.3172,11905,RLUS1353,13,ACE-1
504,3.76,456.3207,6367,RLUS1353,13,ACE-1
504,3.76,457.2662,114,RLUS1353,13,ACE-1
504,3.76,457.3261,2958,RLUS1353,13,ACE-1
504,3.76,458.3274,1420,RLUS1353,13,ACE-1
504,3.76,459.3312,343,RLUS1353,13,ACE-1
504,3.76,466.2801,133,RLUS1353,13,ACE-1
504,3.76,467.184,114,RLUS1353,13,ACE-1
504,3.76,467.3002,281,RLUS1353,13,ACE-1
504,3.76,468.3088,2695,RLUS1353,13,ACE-1
504,3.76,469.3127,5342,RLUS1353,13,ACE-1
505,3.767,432.0584,113,RLUS1353,13,ACE-1
505,3.767,432.2853,290,RLUS1353,13,ACE-1
505,3.767,433.2948,856,RLUS1353,13,ACE-1
505,3.767,434.2972,1543,RLUS1353,13,ACE-1
505,3.767,435.1706,394,RLUS1353,13,ACE-1
505,3.767,435.3008,1415,RLUS1353,13,ACE-1
505,3.767,436.1612,100,RLUS1353,13,ACE-1
505,3.767,436.305,1331,RLUS1353,13,ACE-1
505,3.767,436.9512,155,RLUS1353,13,ACE-1
505,3.767,437.1668,250,RLUS1353,13,ACE-1
505,3.767,437.3082,1003,RLUS1353,13,ACE-1
505,3.767,438.312,437,RLUS1353,13,ACE-1
505,3.767,439.2706,104,RLUS1353,13,ACE-1
505,3.767,439.3119,173,RLUS1353,13,ACE-1
505,3.767,440.3192,138,RLUS1353,13,ACE-1
505,3.767,449.2834,162,RLUS1353,13,ACE-1
505,3.767,450.3,3930,RLUS1353,13,ACE-1
505,3.767,451.3044,9365,RLUS1353,13,ACE-1
505,3.767,452.308,13808,RLUS1353,13,ACE-1
505,3.767,453.3108,14545,RLUS1353,13,ACE-1
505,3.767,454.315,10325,RLUS1353,13,ACE-1
505,3.767,455.3184,8176,RLUS1353,13,ACE-1
505,3.767,456.3226,4306,RLUS1353,13,ACE-1
505,3.767,457.3254,1601,RLUS1353,13,ACE-1
505,3.767,458.0446,112,RLUS1353,13,ACE-1
505,3.767,458.2802,113,RLUS1353,13,ACE-1
505,3.767,458.332,496,RLUS1353,13,ACE-1
505,3.767,459.3384,322,RLUS1353,13,ACE-1
505,3.767,466.2836,179,RLUS1353,13,ACE-1
505,3.767,467.2829,113,RLUS1353,13,ACE-1
505,3.767,468.3092,1678,RLUS1353,13,ACE-1
505,3.767,469.1473,106,RLUS1353,13,ACE-1
505,3.767,469.3137,3219,RLUS1353,13,ACE-1
506,3.774,432.2462,109,RLUS1353,13,ACE-1
506,3.774,432.284,241,RLUS1353,13,ACE-1
506,3.774,433.2968,429,RLUS1353,13,ACE-1
506,3.774,434.3004,561,RLUS1353,13,ACE-1
506,3.774,435.1684,622,RLUS1353,13,ACE-1
506,3.774,435.2996,721,RLUS1353,13,ACE-1
506,3.774,436.1712,197,RLUS1353,13,ACE-1
506,3.774,436.3036,789,RLUS1353,13,ACE-1
506,3.774,437.1692,545,RLUS1353,13,ACE-1
506,3.774,437.305,471,RLUS1353,13,ACE-1
506,3.774,448.2436,105,RLUS1353,13,ACE-1
506,3.774,450.3,1509,RLUS1353,13,ACE-1
506,3.774,451.3062,4618,RLUS1353,13,ACE-1
506,3.774,452.308,6211,RLUS1353,13,ACE-1
506,3.774,453.3112,7149,RLUS1353,13,ACE-1
506,3.774,454.3138,6069,RLUS1353,13,ACE-1
506,3.774,455.3164,2897,RLUS1353,13,ACE-1
506,3.774,456.319,1886,RLUS1353,13,ACE-1
506,3.774,457.3262,857,RLUS1353,13,ACE-1
506,3.774,458.3281,187,RLUS1353,13,ACE-1
506,3.774,466.2808,102,RLUS1353,13,ACE-1
506,3.774,467.2958,237,RLUS1353,13,ACE-1
506,3.774,468.3137,1103,RLUS1353,13,ACE-1
506,3.774,469.3172,1875,RLUS1353,13,ACE-1
507,3.782,432.2298,149,RLUS1353,13,ACE-1
507,3.782,432.2902,132,RLUS1353,13,ACE-1
507,3.782,433.2956,192,RLUS1353,13,ACE-1
507,3.782,434.2959,384,RLUS1353,13,ACE-1
507,3.782,434.7892,126,RLUS1353,13,ACE-1
507,3.782,435.1654,710,RLUS1353,13,ACE-1
507,3.782,435.2987,167,RLUS1353,13,ACE-1
507,3.782,436.1662,226,RLUS1353,13,ACE-1
507,3.782,436.2998,307,RLUS1353,13,ACE-1
507,3.782,437.168,318,RLUS1353,13,ACE-1
507,3.782,437.309,267,RLUS1353,13,ACE-1
507,3.782,438.3133,105,RLUS1353,13,ACE-1
507,3.782,450.3008,743,RLUS1353,13,ACE-1
507,3.782,451.3059,2279,RLUS1353,13,ACE-1
507,3.782,452.3068,3975,RLUS1353,13,ACE-1
507,3.782,453.3126,4056,RLUS1353,13,ACE-1
507,3.782,454.314,2623,RLUS1353,13,ACE-1
507,3.782,455.3167,1653,RLUS1353,13,ACE-1
507,3.782,456.3206,907,RLUS1353,13,ACE-1
507,3.782,457.3256,606,RLUS1353,13,ACE-1
507,3.782,458.3276,113,RLUS1353,13,ACE-1
507,3.782,467.3226,468,RLUS1353,13,ACE-1
507,3.782,468.3088,801,RLUS1353,13,ACE-1
507,3.782,469.32,1065,RLUS1353,13,ACE-1
508,3.789,432.2366,119,RLUS1353,13,ACE-1
508,3.789,435.1661,790,RLUS1353,13,ACE-1
508,3.789,435.302,190,RLUS1353,13,ACE-1
508,3.789,436.1692,138,RLUS1353,13,ACE-1
508,3.789,436.3002,248,RLUS1353,13,ACE-1
508,3.789,437.1686,182,RLUS1353,13,ACE-1
508,3.789,437.312,148,RLUS1353,13,ACE-1
508,3.789,450.3038,737,RLUS1353,13,ACE-1
508,3.789,451.1098,107,RLUS1353,13,ACE-1
508,3.789,451.3025,1403,RLUS1353,13,ACE-1
508,3.789,452.3076,2403,RLUS1353,13,ACE-1
508,3.789,453.3114,2432,RLUS1353,13,ACE-1
508,3.789,454.315,2554,RLUS1353,13,ACE-1
508,3.789,455.3206,1502,RLUS1353,13,ACE-1
508,3.789,456.3198,611,RLUS1353,13,ACE-1
508,3.789,457.249,115,RLUS1353,13,ACE-1
508,3.789,457.3307,369,RLUS1353,13,ACE-1
508,3.789,458.3316,212,RLUS1353,13,ACE-1
508,3.789,461.2383,110,RLUS1353,13,ACE-1
508,3.789,468.2216,126,RLUS1353,13,ACE-1
508,3.789,468.3109,549,RLUS1353,13,ACE-1
508,3.789,469.3096,1166,RLUS1353,13,ACE-1
509,3.796,433.2988,144,RLUS1353,13,ACE-1
509,3.796,434.2933,373,RLUS1353,13,ACE-1
509,3.796,435.166,752,RLUS1353,13,ACE-1
509,3.796,435.298,292,RLUS1353,13,ACE-1
509,3.796,436.1747,277,RLUS1353,13,ACE-1
509,3.796,436.3,162,RLUS1353,13,ACE-1
509,3.796,437.1658,330,RLUS1353,13,ACE-1
509,3.796,437.2368,103,RLUS1353,13,ACE-1
509,3.796,450.2998,574,RLUS1353,13,ACE-1
509,3.796,451.3074,1521,RLUS1353,13,ACE-1
509,3.796,452.3078,2051,RLUS1353,13,ACE-1
509,3.796,453.3114,2184,RLUS1353,13,ACE-1
509,3.796,454.3164,2395,RLUS1353,13,ACE-1
509,3.796,455.3186,932,RLUS1353,13,ACE-1
509,3.796,456.3188,733,RLUS1353,13,ACE-1
509,3.796,457.3258,146,RLUS1353,13,ACE-1
509,3.796,465.9908,106,RLUS1353,13,ACE-1
509,3.796,468.3052,378,RLUS1353,13,ACE-1
509,3.796,469.3112,844,RLUS1353,13,ACE-1
510,3.803,432.2456,109,RLUS1353,13,ACE-1
510,3.803,434.2404,105,RLUS1353,13,ACE-1
510,3.803,434.294,106,RLUS1353,13,ACE-1
510,3.803,435.1674,823,RLUS1353,13,ACE-1
510,3.803,435.3067,173,RLUS1353,13,ACE-1
510,3.803,436.1634,157,RLUS1353,13,ACE-1
510,3.803,436.3144,132,RLUS1353,13,ACE-1
510,3.803,437.1653,277,RLUS1353,13,ACE-1
510,3.803,437.3023,178,RLUS1353,13,ACE-1
510,3.803,438.1698,114,RLUS1353,13,ACE-1
510,3.803,438.3194,127,RLUS1353,13,ACE-1
510,3.803,450.3005,554,RLUS1353,13,ACE-1
510,3.803,451.3032,1395,RLUS1353,13,ACE-1
510,3.803,452.3065,1778,RLUS1353,13,ACE-1
510,3.803,453.3122,2055,RLUS1353,13,ACE-1
510,3.803,454.3138,1504,RLUS1353,13,ACE-1
510,3.803,455.3154,1246,RLUS1353,13,ACE-1
510,3.803,456.3179,781,RLUS1353,13,ACE-1
510,3.803,457.3294,286,RLUS1353,13,ACE-1
510,3.803,466.3091,110,RLUS1353,13,ACE-1
510,3.803,467.2906,308,RLUS1353,13,ACE-1
510,3.803,468.2964,236,RLUS1353,13,ACE-1
510,3.803,469.3158,532,RLUS1353,13,ACE-1
511,3.81,433.3062,149,RLUS1353,13,ACE-1
511,3.81,434.2912,193,RLUS1353,13,ACE-1
511,3.81,435.1672,583,RLUS1353,13,ACE-1
511,3.81,436.1769,132,RLUS1353,13,ACE-1
511,3.81,437.1642,424,RLUS1353,13,ACE-1
511,3.81,438.1663,124,RLUS1353,13,ACE-1
511,3.81,447.118,105,RLUS1353,13,ACE-1
511,3.81,450.3014,602,RLUS1353,13,ACE-1
511,3.81,451.302,1021,RLUS1353,13,ACE-1
511,3.81,452.3069,1231,RLUS1353,13,ACE-1
511,3.81,453.3116,1749,RLUS1353,13,ACE-1
511,3.81,454.3118,1479,RLUS1353,13,ACE-1
511,3.81,455.318,1007,RLUS1353,13,ACE-1
511,3.81,456.3226,582,RLUS1353,13,ACE-1
511,3.81,457.3256,176,RLUS1353,13,ACE-1
511,3.81,466.2826,164,RLUS1353,13,ACE-1
511,3.81,468.303,418,RLUS1353,13,ACE-1
511,3.81,469.3128,883,RLUS1353,13,ACE-1
512,3.817,433.2831,135,RLUS1353,13,ACE-1
512,3.817,434.3006,142,RLUS1353,13,ACE-1
512,3.817,435.1714,622,RLUS1353,13,ACE-1
512,3.817,435.2876,112,RLUS1353,13,ACE-1
512,3.817,436.1784,103,RLUS1353,13,ACE-1
512,3.817,436.2995,245,RLUS1353,13,ACE-1
512,3.817,437.1679,515,RLUS1353,13,ACE-1
512,3.817,437.3015,122,RLUS1353,13,ACE-1
512,3.817,450.297,657,RLUS1353,13,ACE-1
512,3.817,451.3034,1209,RLUS1353,13,ACE-1
512,3.817,452.3068,1350,RLUS1353,13,ACE-1
512,3.817,453.3108,1443,RLUS1353,13,ACE-1
512,3.817,454.3124,1255,RLUS1353,13,ACE-1
512,3.817,455.3185,1121,RLUS1353,13,ACE-1
512,3.817,456.3211,383,RLUS1353,13,ACE-1
512,3.817,457.3229,243,RLUS1353,13,ACE-1
512,3.817,468.3122,330,RLUS1353,13,ACE-1
512,3.817,469.105,113,RLUS1353,13,ACE-1
512,3.817,469.3099,657,RLUS1353,13,ACE-1
23,3.699,453.7905,147,RLUS1353,13,ACE-2
496,3.704,431.1314,1012,RLUS1353,13,ACE-2
496,3.704,432.1374,391,RLUS1353,13,ACE-2
496,3.704,435.1642,502,RLUS1353,13,ACE-2
496,3.704,435.2535,102,RLUS1353,13,ACE-2
496,3.704,436.1724,127,RLUS1353,13,ACE-2
496,3.704,437.1706,498,RLUS1353,13,ACE-2
496,3.704,442.3684,143,RLUS1353,13,ACE-2
496,3.704,443.3684,224,RLUS1353,13,ACE-2
496,3.704,444.3729,168,RLUS1353,13,ACE-2
496,3.704,445.3792,112,RLUS1353,13,ACE-2
496,3.704,446.3798,109,RLUS1353,13,ACE-2
496,3.704,447.1012,389,RLUS1353,13,ACE-2
496,3.704,447.3764,108,RLUS1353,13,ACE-2
496,3.704,449.3808,128,RLUS1353,13,ACE-2
496,3.704,450.2911,131,RLUS1353,13,ACE-2
496,3.704,451.3016,364,RLUS1353,13,ACE-2
496,3.704,452.3052,240,RLUS1353,13,ACE-2
496,3.704,453.1836,503,RLUS1353,13,ACE-2
496,3.704,453.3084,284,RLUS1353,13,ACE-2
496,3.704,454.1899,163,RLUS1353,13,ACE-2
496,3.704,454.3172,442,RLUS1353,13,ACE-2
496,3.704,455.3164,261,RLUS1353,13,ACE-2
496,3.704,466.2658,157,RLUS1353,13,ACE-2
496,3.704,467.2958,329,RLUS1353,13,ACE-2
496,3.704,468.292,202,RLUS1353,13,ACE-2
496,3.704,469.3035,218,RLUS1353,13,ACE-2
497,3.711,431.1329,326,RLUS1353,13,ACE-2
497,3.711,435.1676,521,RLUS1353,13,ACE-2
497,3.711,436.1618,157,RLUS1353,13,ACE-2
497,3.711,437.161,398,RLUS1353,13,ACE-2
497,3.711,443.3706,109,RLUS1353,13,ACE-2
497,3.711,445.3696,123,RLUS1353,13,ACE-2
497,3.711,447.118,127,RLUS1353,13,ACE-2
497,3.711,449.386,100,RLUS1353,13,ACE-2
497,3.711,450.2963,285,RLUS1353,13,ACE-2
497,3.711,451.0752,102,RLUS1353,13,ACE-2
497,3.711,451.299,418,RLUS1353,13,ACE-2
497,3.711,452.3044,305,RLUS1353,13,ACE-2
497,3.711,453.1772,774,RLUS1353,13,ACE-2
497,3.711,453.3058,479,RLUS1353,13,ACE-2
497,3.711,454.1898,161,RLUS1353,13,ACE-2
497,3.711,454.3148,203,RLUS1353,13,ACE-2
497,3.711,455.316,282,RLUS1353,13,ACE-2
497,3.711,458.6712,204,RLUS1353,13,ACE-2
497,3.711,463.2344,105,RLUS1353,13,ACE-2
497,3.711,466.2943,252,RLUS1353,13,ACE-2
497,3.711,467.2964,185,RLUS1353,13,ACE-2
497,3.711,468.3008,205,RLUS1353,13,ACE-2
497,3.711,469.3047,282,RLUS1353,13,ACE-2
497,3.711,470.1986,130,RLUS1353,13,ACE-2
498,3.718,431.1254,164,RLUS1353,13,ACE-2
498,3.718,431.2772,106,RLUS1353,13,ACE-2
498,3.718,432.2476,165,RLUS1353,13,ACE-2
498,3.718,435.1669,527,RLUS1353,13,ACE-2
498,3.718,437.1645,326,RLUS1353,13,ACE-2
498,3.718,439.1588,116,RLUS1353,13,ACE-2
498,3.718,449.2776,122,RLUS1353,13,ACE-2
498,3.718,449.3871,127,RLUS1353,13,ACE-2
498,3.718,450.2989,178,RLUS1353,13,ACE-2
498,3.718,451.2983,430,RLUS1353,13,ACE-2
498,3.718,452.3046,510,RLUS1353,13,ACE-2
498,3.718,453.1804,554,RLUS1353,13,ACE-2
498,3.718,453.3129,477,RLUS1353,13,ACE-2
498,3.718,454.1832,114,RLUS1353,13,ACE-2
498,3.718,454.3192,350,RLUS1353,13,ACE-2
498,3.718,455.3185,189,RLUS1353,13,ACE-2
498,3.718,456.3308,110,RLUS1353,13,ACE-2
498,3.718,458.287,139,RLUS1353,13,ACE-2
498,3.718,466.2906,116,RLUS1353,13,ACE-2
498,3.718,469.3142,349,RLUS1353,13,ACE-2
498,3.718,470.1902,120,RLUS1353,13,ACE-2
499,3.725,431.1214,180,RLUS1353,13,ACE-2
499,3.725,431.1849,101,RLUS1353,13,ACE-2
499,3.725,432.2346,262,RLUS1353,13,ACE-2
499,3.725,433.1162,145,RLUS1353,13,ACE-2
499,3.725,435.168,674,RLUS1353,13,ACE-2
499,3.725,435.2946,218,RLUS1353,13,ACE-2
499,3.725,436.1693,228,RLUS1353,13,ACE-2
499,3.725,437.1698,474,RLUS1353,13,ACE-2
499,3.725,447.2038,117,RLUS1353,13,ACE-2
499,3.725,450.2868,107,RLUS1353,13,ACE-2
499,3.725,451.3003,473,RLUS1353,13,ACE-2
499,3.725,452.3031,636,RLUS1353,13,ACE-2
499,3.725,453.173,488,RLUS1353,13,ACE-2
499,3.725,453.3122,583,RLUS1353,13,ACE-2
499,3.725,454.3132,505,RLUS1353,13,ACE-2
499,3.725,455.315,174,RLUS1353,13,ACE-2
499,3.725,456.3195,199,RLUS1353,13,ACE-2
499,3.725,457.3128,183,RLUS1353,13,ACE-2
499,3.725,459.0671,100,RLUS1353,13,ACE-2
499,3.725,466.2788,127,RLUS1353,13,ACE-2
499,3.725,468.3024,395,RLUS1353,13,ACE-2
499,3.725,469.3106,335,RLUS1353,13,ACE-2
499,3.725,470.2058,161,RLUS1353,13,ACE-2
500,3.732,432.2388,513,RLUS1353,13,ACE-2
500,3.732,434.2964,221,RLUS1353,13,ACE-2
500,3.732,435.0668,127,RLUS1353,13,ACE-2
500,3.732,435.1672,813,RLUS1353,13,ACE-2
500,3.732,435.292,166,RLUS1353,13,ACE-2
500,3.732,436.1765,370,RLUS1353,13,ACE-2
500,3.732,436.3008,142,RLUS1353,13,ACE-2
500,3.732,437.1652,312,RLUS1353,13,ACE-2
500,3.732,450.3054,144,RLUS1353,13,ACE-2
500,3.732,451.3024,1372,RLUS1353,13,ACE-2
500,3.732,452.3086,1143,RLUS1353,13,ACE-2
500,3.732,453.177,173,RLUS1353,13,ACE-2
500,3.732,453.3082,1680,RLUS1353,13,ACE-2
500,3.732,454.3146,1128,RLUS1353,13,ACE-2
500,3.732,455.3152,693,RLUS1353,13,ACE-2
500,3.732,456.3136,533,RLUS1353,13,ACE-2
500,3.732,457.2721,215,RLUS1353,13,ACE-2
500,3.732,457.326,182,RLUS1353,13,ACE-2
500,3.732,458.2696,198,RLUS1353,13,ACE-2
500,3.732,459.2784,183,RLUS1353,13,ACE-2
500,3.732,467.2928,126,RLUS1353,13,ACE-2
500,3.732,468.3088,408,RLUS1353,13,ACE-2
500,3.732,469.3084,804,RLUS1353,13,ACE-2
501,3.74,431.1378,164,RLUS1353,13,ACE-2
501,3.74,432.2412,489,RLUS1353,13,ACE-2
501,3.74,433.233,163,RLUS1353,13,ACE-2
501,3.74,433.2898,460,RLUS1353,13,ACE-2
501,3.74,434.2994,665,RLUS1353,13,ACE-2
501,3.74,435.1704,739,RLUS1353,13,ACE-2
501,3.74,435.3012,786,RLUS1353,13,ACE-2
501,3.74,436.1671,118,RLUS1353,13,ACE-2
501,3.74,436.3015,461,RLUS1353,13,ACE-2
501,3.74,437.1694,274,RLUS1353,13,ACE-2
501,3.74,437.3003,180,RLUS1353,13,ACE-2
501,3.74,438.2554,167,RLUS1353,13,ACE-2
501,3.74,439.2668,113,RLUS1353,13,ACE-2
501,3.74,441.2906,188,RLUS1353,13,ACE-2
501,3.74,450.2987,1319,RLUS1353,13,ACE-2
501,3.74,451.303,2989,RLUS1353,13,ACE-2
501,3.74,452.3065,5219,RLUS1353,13,ACE-2
501,3.74,453.184,282,RLUS1353,13,ACE-2
501,3.74,453.3099,5363,RLUS1353,13,ACE-2
501,3.74,454.2132,141,RLUS1353,13,ACE-2
501,3.74,454.3146,4982,RLUS1353,13,ACE-2
501,3.74,455.3184,3131,RLUS1353,13,ACE-2
501,3.74,456.3209,1536,RLUS1353,13,ACE-2
501,3.74,457.2746,196,RLUS1353,13,ACE-2
501,3.74,457.3269,684,RLUS1353,13,ACE-2
501,3.74,458.2714,205,RLUS1353,13,ACE-2
501,3.74,458.3297,358,RLUS1353,13,ACE-2
501,3.74,460.2236,146,RLUS1353,13,ACE-2
501,3.74,467.1346,108,RLUS1353,13,ACE-2
501,3.74,467.2952,121,RLUS1353,13,ACE-2
501,3.74,468.3055,819,RLUS1353,13,ACE-2
501,3.74,469.3142,1332,RLUS1353,13,ACE-2
501,3.74,470.1823,174,RLUS1353,13,ACE-2
502,3.747,432.2369,536,RLUS1353,13,ACE-2
502,3.747,432.2878,285,RLUS1353,13,ACE-2
502,3.747,433.24,194,RLUS1353,13,ACE-2
502,3.747,433.2929,874,RLUS1353,13,ACE-2
502,3.747,434.2935,1520,RLUS1353,13,ACE-2
502,3.747,435.1665,753,RLUS1353,13,ACE-2
502,3.747,435.2363,130,RLUS1353,13,ACE-2
502,3.747,435.301,1809,RLUS1353,13,ACE-2
502,3.747,436.1652,261,RLUS1353,13,ACE-2
502,3.747,436.3026,1301,RLUS1353,13,ACE-2
502,3.747,436.9548,123,RLUS1353,13,ACE-2
502,3.747,437.1652,644,RLUS1353,13,ACE-2
502,3.747,437.3055,869,RLUS1353,13,ACE-2
502,3.747,438.2416,127,RLUS1353,13,ACE-2
502,3.747,438.3023,415,RLUS1353,13,ACE-2
502,3.747,439.3075,183,RLUS1353,13,ACE-2
502,3.747,449.2804,100,RLUS1353,13,ACE-2
502,3.747,450.3002,2883,RLUS1353,13,ACE-2
502,3.747,451.3041,8732,RLUS1353,13,ACE-2
502,3.747,452.3076,12947,RLUS1353,13,ACE-2
502,3.747,453.1719,297,RLUS1353,13,ACE-2
502,3.747,453.311,14242,RLUS1353,13,ACE-2
502,3.747,454.314,12330,RLUS1353,13,ACE-2
502,3.747,455.3187,8644,RLUS1353,13,ACE-2
502,3.747,456.3217,4833,RLUS1353,13,ACE-2
502,3.747,457.2714,194,RLUS1353,13,ACE-2
502,3.747,457.3252,2445,RLUS1353,13,ACE-2
502,3.747,458.3308,892,RLUS1353,13,ACE-2
502,3.747,460.231,185,RLUS1353,13,ACE-2
502,3.747,466.2132,102,RLUS1353,13,ACE-2
502,3.747,467.2917,184,RLUS1353,13,ACE-2
502,3.747,468.3078,1528,RLUS1353,13,ACE-2
502,3.747,469.314,3708,RLUS1353,13,ACE-2
502,3.747,470.204,177,RLUS1353,13,ACE-2
503,3.754,432.2339,222,RLUS1353,13,ACE-2
503,3.754,432.2868,422,RLUS1353,13,ACE-2
503,3.754,433.2926,1641,RLUS1353,13,ACE-2
503,3.754,434.2345,103,RLUS1353,13,ACE-2
503,3.754,434.2979,2296,RLUS1353,13,ACE-2
503,3.754,435.1662,972,RLUS1353,13,ACE-2
503,3.754,435.2985,2584,RLUS1353,13,ACE-2
503,3.754,436.1673,314,RLUS1353,13,ACE-2
503,3.754,436.3031,1860,RLUS1353,13,ACE-2
503,3.754,436.9522,111,RLUS1353,13,ACE-2
503,3.754,437.168,761,RLUS1353,13,ACE-2
503,3.754,437.3068,1247,RLUS1353,13,ACE-2
503,3.754,438.1731,254,RLUS1353,13,ACE-2
503,3.754,438.3045,795,RLUS1353,13,ACE-2
503,3.754,439.3022,328,RLUS1353,13,ACE-2
503,3.754,440.3152,121,RLUS1353,13,ACE-2
503,3.754,445.0872,105,RLUS1353,13,ACE-2
503,3.754,446.0914,103,RLUS1353,13,ACE-2
503,3.754,450.3,5058,RLUS1353,13,ACE-2
503,3.754,451.3036,13098,RLUS1353,13,ACE-2
503,3.754,451.997,110,RLUS1353,13,ACE-2
503,3.754,452.3075,19880,RLUS1353,13,ACE-2
503,3.754,453.1736,268,RLUS1353,13,ACE-2
503,3.754,453.3114,23014,RLUS1353,13,ACE-2
503,3.754,454.1787,132,RLUS1353,13,ACE-2
503,3.754,454.3137,18824,RLUS1353,13,ACE-2
503,3.754,455.3169,12036,RLUS1353,13,ACE-2
503,3.754,456.3204,6141,RLUS1353,13,ACE-2
503,3.754,457.3242,2871,RLUS1353,13,ACE-2
503,3.754,458.327,1045,RLUS1353,13,ACE-2
503,3.754,467.2985,159,RLUS1353,13,ACE-2
503,3.754,468.3082,1801,RLUS1353,13,ACE-2
503,3.754,469.3146,4968,RLUS1353,13,ACE-2
504,3.761,432.2335,129,RLUS1353,13,ACE-2
504,3.761,432.2878,595,RLUS1353,13,ACE-2
504,3.761,433.1316,107,RLUS1353,13,ACE-2
504,3.761,433.2926,1322,RLUS1353,13,ACE-2
504,3.761,434.2946,2068,RLUS1353,13,ACE-2
504,3.761,435.1672,987,RLUS1353,13,ACE-2
504,3.761,435.2992,2244,RLUS1353,13,ACE-2
504,3.761,436.1681,328,RLUS1353,13,ACE-2
504,3.761,436.304,1399,RLUS1353,13,ACE-2
504,3.761,437.1626,523,RLUS1353,13,ACE-2
504,3.761,437.3104,1029,RLUS1353,13,ACE-2
504,3.761,438.3066,626,RLUS1353,13,ACE-2
504,3.761,439.3148,236,RLUS1353,13,ACE-2
504,3.761,450.2991,3986,RLUS1353,13,ACE-2
504,3.761,451.3042,11212,RLUS1353,13,ACE-2
504,3.761,452.3078,17883,RLUS1353,13,ACE-2
504,3.761,453.1712,287,RLUS1353,13,ACE-2
504,3.761,453.3112,19481,RLUS1353,13,ACE-2
504,3.761,454.177,104,RLUS1353,13,ACE-2
504,3.761,454.3132,15313,RLUS1353,13,ACE-2
504,3.761,455.3176,10220,RLUS1353,13,ACE-2
504,3.761,456.3208,6432,RLUS1353,13,ACE-2
504,3.761,457.3238,2658,RLUS1353,13,ACE-2
504,3.761,458.2782,178,RLUS1353,13,ACE-2
504,3.761,458.3284,1002,RLUS1353,13,ACE-2
504,3.761,459.3294,324,RLUS1353,13,ACE-2
504,3.761,466.2784,193,RLUS1353,13,ACE-2
504,3.761,467.279,265,RLUS1353,13,ACE-2
504,3.761,468.3084,2171,RLUS1353,13,ACE-2
504,3.761,469.313,4796,RLUS1353,13,ACE-2
505,3.768,432.291,253,RLUS1353,13,ACE-2
505,3.768,433.2966,705,RLUS1353,13,ACE-2
505,3.768,433.5783,115,RLUS1353,13,ACE-2
505,3.768,434.2938,1264,RLUS1353,13,ACE-2
505,3.768,435.1648,455,RLUS1353,13,ACE-2
505,3.768,435.2992,1192,RLUS1353,13,ACE-2
505,3.768,436.17,184,RLUS1353,13,ACE-2
505,3.768,436.304,1133,RLUS1353,13,ACE-2
505,3.768,437.167,524,RLUS1353,13,ACE-2
505,3.768,437.3124,452,RLUS1353,13,ACE-2
505,3.768,438.3088,334,RLUS1353,13,ACE-2
505,3.768,439.3174,132,RLUS1353,13,ACE-2
505,3.768,440.3232,152,RLUS1353,13,ACE-2
505,3.768,450.3,2540,RLUS1353,13,ACE-2
505,3.768,451.3044,7477,RLUS1353,13,ACE-2
505,3.768,452.3076,11356,RLUS1353,13,ACE-2
505,3.768,453.1736,154,RLUS1353,13,ACE-2
505,3.768,453.3108,11871,RLUS1353,13,ACE-2
505,3.768,454.3132,9574,RLUS1353,13,ACE-2
505,3.768,455.317,6715,RLUS1353,13,ACE-2
505,3.768,456.3206,3451,RLUS1353,13,ACE-2
505,3.768,457.3256,1497,RLUS1353,13,ACE-2
505,3.768,458.3284,587,RLUS1353,13,ACE-2
505,3.768,459.3344,115,RLUS1353,13,ACE-2
505,3.768,467.296,348,RLUS1353,13,ACE-2
505,3.768,468.3048,1385,RLUS1353,13,ACE-2
505,3.768,469.3143,3055,RLUS1353,13,ACE-2
506,3.775,432.2508,113,RLUS1353,13,ACE-2
506,3.775,432.2864,109,RLUS1353,13,ACE-2
506,3.775,433.2902,340,RLUS1353,13,ACE-2
506,3.775,434.2968,525,RLUS1353,13,ACE-2
506,3.775,435.1672,889,RLUS1353,13,ACE-2
506,3.775,435.2532,149,RLUS1353,13,ACE-2
506,3.775,435.2996,653,RLUS1353,13,ACE-2
506,3.775,436.1727,118,RLUS1353,13,ACE-2
506,3.775,436.3024,581,RLUS1353,13,ACE-2
506,3.775,437.1623,212,RLUS1353,13,ACE-2
506,3.775,437.31,399,RLUS1353,13,ACE-2
506,3.775,438.176,157,RLUS1353,13,ACE-2
506,3.775,438.3064,238,RLUS1353,13,ACE-2
506,3.775,440.3352,152,RLUS1353,13,ACE-2
506,3.775,450.303,1481,RLUS1353,13,ACE-2
506,3.775,451.3044,3780,RLUS1353,13,ACE-2
506,3.775,452.3074,5581,RLUS1353,13,ACE-2
506,3.775,453.3113,5529,RLUS1353,13,ACE-2
506,3.775,454.1804,101,RLUS1353,13,ACE-2
506,3.775,454.3135,4885,RLUS1353,13,ACE-2
506,3.775,455.3174,3326,RLUS1353,13,ACE-2
506,3.775,456.2583,116,RLUS1353,13,ACE-2
506,3.775,456.3207,1669,RLUS1353,13,ACE-2
506,3.775,457.2688,120,RLUS1353,13,ACE-2
506,3.775,457.3249,1115,RLUS1353,13,ACE-2
506,3.775,458.335,348,RLUS1353,13,ACE-2
506,3.775,467.2974,151,RLUS1353,13,ACE-2
506,3.775,468.318,769,RLUS1353,13,ACE-2
506,3.775,469.3148,1490,RLUS1353,13,ACE-2
506,3.775,470.2032,101,RLUS1353,13,ACE-2
507,3.782,434.2994,464,RLUS1353,13,ACE-2
507,3.782,435.1664,589,RLUS1353,13,ACE-2
507,3.782,435.2928,124,RLUS1353,13,ACE-2
507,3.782,436.1722,261,RLUS1353,13,ACE-2
507,3.782,436.2961,157,RLUS1353,13,ACE-2
507,3.782,437.1674,236,RLUS1353,13,ACE-2
507,3.782,437.3083,103,RLUS1353,13,ACE-2
507,3.782,438.1622,132,RLUS1353,13,ACE-2
507,3.782,449.3102,154,RLUS1353,13,ACE-2
507,3.782,450.3042,454,RLUS1353,13,ACE-2
507,3.782,451.304,1940,RLUS1353,13,ACE-2
507,3.782,452.3091,3121,RLUS1353,13,ACE-2
507,3.782,453.0987,150,RLUS1353,13,ACE-2
507,3.782,453.3114,2524,RLUS1353,13,ACE-2
507,3.782,454.315,2602,RLUS1353,13,ACE-2
507,3.782,455.3162,1868,RLUS1353,13,ACE-2
507,3.782,456.3193,772,RLUS1353,13,ACE-2
507,3.782,457.323,205,RLUS1353,13,ACE-2
507,3.782,467.2903,140,RLUS1353,13,ACE-2
507,3.782,468.3034,555,RLUS1353,13,ACE-2
507,3.782,469.3131,698,RLUS1353,13,ACE-2
508,3.79,434.291,125,RLUS1353,13,ACE-2
508,3.79,435.1652,388,RLUS1353,13,ACE-2
508,3.79,435.3002,351,RLUS1353,13,ACE-2
508,3.79,436.1678,194,RLUS1353,13,ACE-2
508,3.79,436.2469,239,RLUS1353,13,ACE-2
508,3.79,436.3015,382,RLUS1353,13,ACE-2
508,3.79,437.1692,345,RLUS1353,13,ACE-2
508,3.79,438.1685,105,RLUS1353,13,ACE-2
508,3.79,439.1586,110,RLUS1353,13,ACE-2
508,3.79,449.2906,107,RLUS1353,13,ACE-2
508,3.79,450.3014,553,RLUS1353,13,ACE-2
508,3.79,451.3049,1280,RLUS1353,13,ACE-2
508,3.79,452.3072,1833,RLUS1353,13,ACE-2
508,3.79,453.1698,108,RLUS1353,13,ACE-2
508,3.79,453.3102,1962,RLUS1353,13,ACE-2
508,3.79,454.312,1704,RLUS1353,13,ACE-2
508,3.79,455.316,1179,RLUS1353,13,ACE-2
508,3.79,456.256,100,RLUS1353,13,ACE-2
508,3.79,456.3212,599,RLUS1353,13,ACE-2
508,3.79,457.3286,420,RLUS1353,13,ACE-2
508,3.79,466.2828,109,RLUS1353,13,ACE-2
508,3.79,467.2935,148,RLUS1353,13,ACE-2
508,3.79,468.3029,255,RLUS1353,13,ACE-2
508,3.79,469.3132,739,RLUS1353,13,ACE-2
509,3.797,432.2566,163,RLUS1353,13,ACE-2
509,3.797,434.296,127,RLUS1353,13,ACE-2
509,3.797,435.1688,761,RLUS1353,13,ACE-2
509,3.797,435.2958,149,RLUS1353,13,ACE-2
509,3.797,436.1688,172,RLUS1353,13,ACE-2
509,3.797,436.2474,107,RLUS1353,13,ACE-2
509,3.797,436.2992,176,RLUS1353,13,ACE-2
509,3.797,437.1687,398,RLUS1353,13,ACE-2
509,3.797,439.3113,116,RLUS1353,13,ACE-2
509,3.797,442.232,118,RLUS1353,13,ACE-2
509,3.797,450.302,476,RLUS1353,13,ACE-2
509,3.797,451.3042,1313,RLUS1353,13,ACE-2
509,3.797,452.3064,1510,RLUS1353,13,ACE-2
509,3.797,453.3109,2408,RLUS1353,13,ACE-2
509,3.797,454.3155,1482,RLUS1353,13,ACE-2
509,3.797,455.3188,1003,RLUS1353,13,ACE-2
509,3.797,456.3182,635,RLUS1353,13,ACE-2
509,3.797,457.3284,276,RLUS1353,13,ACE-2
509,3.797,458.3324,149,RLUS1353,13,ACE-2
509,3.797,466.2796,110,RLUS1353,13,ACE-2
509,3.797,467.2972,253,RLUS1353,13,ACE-2
509,3.797,468.2988,246,RLUS1353,13,ACE-2
509,3.797,469.3134,798,RLUS1353,13,ACE-2
510,3.804,433.2893,116,RLUS1353,13,ACE-2
510,3.804,434.2946,209,RLUS1353,13,ACE-2
510,3.804,435.166,607,RLUS1353,13,ACE-2
510,3.804,436.1642,114,RLUS1353,13,ACE-2
510,3.804,436.2993,236,RLUS1353,13,ACE-2
510,3.804,437.1649,344,RLUS1353,13,ACE-2
510,3.804,438.2502,112,RLUS1353,13,ACE-2
510,3.804,450.3036,408,RLUS1353,13,ACE-2
510,3.804,451.3022,1072,RLUS1353,13,ACE-2
510,3.804,452.3061,1684,RLUS1353,13,ACE-2
510,3.804,453.2585,114,RLUS1353,13,ACE-2
510,3.804,453.3088,1644,RLUS1353,13,ACE-2
510,3.804,454.3148,1191,RLUS1353,13,ACE-2
510,3.804,455.3178,674,RLUS1353,13,ACE-2
510,3.804,456.3208,585,RLUS1353,13,ACE-2
510,3.804,457.3264,391,RLUS1353,13,ACE-2
510,3.804,467.296,182,RLUS1353,13,ACE-2
510,3.804,468.3042,338,RLUS1353,13,ACE-2
510,3.804,469.3098,915,RLUS1353,13,ACE-2
511,3.811,433.2774,197,RLUS1353,13,ACE-2
511,3.811,435.1678,848,RLUS1353,13,ACE-2
511,3.811,436.1667,135,RLUS1353,13,ACE-2
511,3.811,436.3032,139,RLUS1353,13,ACE-2
511,3.811,437.1633,570,RLUS1353,13,ACE-2
511,3.811,437.3078,126,RLUS1353,13,ACE-2
511,3.811,438.1865,112,RLUS1353,13,ACE-2
511,3.811,438.3004,176,RLUS1353,13,ACE-2
511,3.811,450.3015,564,RLUS1353,13,ACE-2
511,3.811,451.304,891,RLUS1353,13,ACE-2
511,3.811,452.3074,1073,RLUS1353,13,ACE-2
511,3.811,453.3091,1504,RLUS1353,13,ACE-2
511,3.811,454.312,1366,RLUS1353,13,ACE-2
511,3.811,455.3164,728,RLUS1353,13,ACE-2
511,3.811,456.317,419,RLUS1353,13,ACE-2
511,3.811,466.2972,111,RLUS1353,13,ACE-2
511,3.811,467.2969,166,RLUS1353,13,ACE-2
511,3.811,468.3098,325,RLUS1353,13,ACE-2
511,3.811,469.1674,133,RLUS1353,13,ACE-2
511,3.811,469.3052,641,RLUS1353,13,ACE-2
512,3.818,434.2971,240,RLUS1353,13,ACE-2
512,3.818,435.1672,546,RLUS1353,13,ACE-2
512,3.818,435.3042,149,RLUS1353,13,ACE-2
512,3.818,436.174,226,RLUS1353,13,ACE-2
512,3.818,437.1635,430,RLUS1353,13,ACE-2
512,3.818,437.3118,122,RLUS1353,13,ACE-2
512,3.818,438.1719,220,RLUS1353,13,ACE-2
512,3.818,450.2966,459,RLUS1353,13,ACE-2
512,3.818,451.3061,1008,RLUS1353,13,ACE-2
512,3.818,452.3058,1642,RLUS1353,13,ACE-2
512,3.818,453.3128,2196,RLUS1353,13,ACE-2
512,3.818,454.3132,1823,RLUS1353,13,ACE-2
512,3.818,455.0994,122,RLUS1353,13,ACE-2
512,3.818,455.3158,998,RLUS1353,13,ACE-2
512,3.818,456.3204,664,RLUS1353,13,ACE-2
512,3.818,457.3301,154,RLUS1353,13,ACE-2
512,3.818,458.3301,101,RLUS1353,13,ACE-2
512,3.818,460.1783,104,RLUS1353,13,ACE-2
512,3.818,466.2788,136,RLUS1353,13,ACE-2
512,3.818,467.3116,182,RLUS1353,13,ACE-2
512,3.818,468.3003,336,RLUS1353,13,ACE-2
512,3.818,469.3093,760,RLUS1353,13,ACE-2
23,3.698,453.7862,470,RLUS1353,13,ACE-3
496,3.703,430.309,113,RLUS1353,13,ACE-3
496,3.703,434.7292,107,RLUS1353,13,ACE-3
496,3.703,435.1683,658,RLUS1353,13,ACE-3
496,3.703,436.1703,149,RLUS1353,13,ACE-3
496,3.703,436.7062,157,RLUS1353,13,ACE-3
496,3.703,437.1635,289,RLUS1353,13,ACE-3
496,3.703,439.3519,110,RLUS1353,13,ACE-3
496,3.703,441.3594,133,RLUS1353,13,ACE-3
496,3.703,443.3674,142,RLUS1353,13,ACE-3
496,3.703,444.2922,146,RLUS1353,13,ACE-3
496,3.703,444.393,121,RLUS1353,13,ACE-3
496,3.703,445.3682,112,RLUS1353,13,ACE-3
496,3.703,451.3018,161,RLUS1353,13,ACE-3
496,3.703,452.3054,281,RLUS1353,13,ACE-3
496,3.703,453.1707,121,RLUS1353,13,ACE-3
496,3.703,453.3232,165,RLUS1353,13,ACE-3
496,3.703,454.3112,222,RLUS1353,13,ACE-3
496,3.703,456.3106,126,RLUS1353,13,ACE-3
496,3.703,467.293,244,RLUS1353,13,ACE-3
496,3.703,469.2972,136,RLUS1353,13,ACE-3
497,3.71,434.2944,148,RLUS1353,13,ACE-3
497,3.71,435.1676,415,RLUS1353,13,ACE-3
497,3.71,436.1761,104,RLUS1353,13,ACE-3
497,3.71,437.1625,366,RLUS1353,13,ACE-3
497,3.71,443.3622,117,RLUS1353,13,ACE-3
497,3.71,450.3095,197,RLUS1353,13,ACE-3
497,3.71,451.2975,343,RLUS1353,13,ACE-3
497,3.71,452.303,193,RLUS1353,13,ACE-3
497,3.71,453.1768,139,RLUS1353,13,ACE-3
497,3.71,453.3097,501,RLUS1353,13,ACE-3
497,3.71,454.317,103,RLUS1353,13,ACE-3
497,3.71,455.319,150,RLUS1353,13,ACE-3
497,3.71,458.2688,104,RLUS1353,13,ACE-3
497,3.71,459.276,123,RLUS1353,13,ACE-3
497,3.71,467.275,139,RLUS1353,13,ACE-3
497,3.71,469.3034,262,RLUS1353,13,ACE-3
497,3.71,470.1348,105,RLUS1353,13,ACE-3
498,3.717,435.1674,883,RLUS1353,13,ACE-3
498,3.717,436.1726,179,RLUS1353,13,ACE-3
498,3.717,437.1634,221,RLUS1353,13,ACE-3
498,3.717,437.3284,103,RLUS1353,13,ACE-3
498,3.717,445.309,115,RLUS1353,13,ACE-3
498,3.717,449.2848,180,RLUS1353,13,ACE-3
498,3.717,449.3914,225,RLUS1353,13,ACE-3
498,3.717,450.2998,193,RLUS1353,13,ACE-3
498,3.717,451.3094,259,RLUS1353,13,ACE-3
498,3.717,452.308,378,RLUS1353,13,ACE-3
498,3.717,453.3118,200,RLUS1353,13,ACE-3
498,3.717,454.3119,256,RLUS1353,13,ACE-3
498,3.717,455.3148,404,RLUS1353,13,ACE-3
498,3.717,456.2152,122,RLUS1353,13,ACE-3
498,3.717,466.2968,137,RLUS1353,13,ACE-3
498,3.717,467.1004,119,RLUS1353,13,ACE-3
498,3.717,467.294,252,RLUS1353,13,ACE-3
498,3.717,468.3116,237,RLUS1353,13,ACE-3
498,3.717,469.3004,203,RLUS1353,13,ACE-3
499,3.725,432.2384,215,RLUS1353,13,ACE-3
499,3.725,435.1678,653,RLUS1353,13,ACE-3
499,3.725,436.1783,133,RLUS1353,13,ACE-3
499,3.725,436.2944,137,RLUS1353,13,ACE-3
499,3.725,437.1694,251,RLUS1353,13,ACE-3
499,3.725,449.3748,100,RLUS1353,13,ACE-3
499,3.725,449.9233,106,RLUS1353,13,ACE-3
499,3.725,450.3016,205,RLUS1353,13,ACE-3
499,3.725,451.3038,221,RLUS1353,13,ACE-3
499,3.725,452.3018,587,RLUS1353,13,ACE-3
499,3.725,453.1808,104,RLUS1353,13,ACE-3
499,3.725,453.3097,469,RLUS1353,13,ACE-3
499,3.725,454.3186,431,RLUS1353,13,ACE-3
499,3.725,455.3171,211,RLUS1353,13,ACE-3
499,3.725,456.3226,205,RLUS1353,13,ACE-3
499,3.725,458.2782,275,RLUS1353,13,ACE-3
499,3.725,466.2927,105,RLUS1353,13,ACE-3
499,3.725,468.3068,246,RLUS1353,13,ACE-3
499,3.725,469.3108,321,RLUS1353,13,ACE-3
500,3.732,432.2364,509,RLUS1353,13,ACE-3
500,3.732,433.2445,216,RLUS1353,13,ACE-3
500,3.732,434.2934,100,RLUS1353,13,ACE-3
500,3.732,435.1664,767,RLUS1353,13,ACE-3
500,3.732,436.1729,134,RLUS1353,13,ACE-3
500,3.732,437.168,514,RLUS1353,13,ACE-3
500,3.732,437.3096,155,RLUS1353,13,ACE-3
500,3.732,438.1726,132,RLUS1353,13,ACE-3
500,3.732,439.1619,140,RLUS1353,13,ACE-3
500,3.732,449.3863,105,RLUS1353,13,ACE-3
500,3.732,450.2986,330,RLUS1353,13,ACE-3
500,3.732,451.3025,547,RLUS1353,13,ACE-3
500,3.732,452.3084,1729,RLUS1353,13,ACE-3
500,3.732,453.312,883,RLUS1353,13,ACE-3
500,3.732,454.3135,1295,RLUS1353,13,ACE-3
500,3.732,455.3152,743,RLUS1353,13,ACE-3
500,3.732,456.3262,413,RLUS1353,13,ACE-3
500,3.732,457.2632,101,RLUS1353,13,ACE-3
500,3.732,457.3284,124,RLUS1353,13,ACE-3
500,3.732,458.2774,246,RLUS1353,13,ACE-3
500,3.732,459.2769,290,RLUS1353,13,ACE-3
500,3.732,460.234,102,RLUS1353,13,ACE-3
500,3.732,460.2868,173,RLUS1353,13,ACE-3
500,3.732,466.2782,183,RLUS1353,13,ACE-3
500,3.732,468.2876,158,RLUS1353,13,ACE-3
500,3.732,468.3212,100,RLUS1353,13,ACE-3
500,3.732,469.3087,316,RLUS1353,13,ACE-3
501,3.739,432.2394,578,RLUS1353,13,ACE-3
501,3.739,433.2412,185,RLUS1353,13,ACE-3
501,3.739,433.2928,196,RLUS1353,13,ACE-3
501,3.739,434.3008,403,RLUS1353,13,ACE-3
501,3.739,435.1654,448,RLUS1353,13,ACE-3
501,3.739,435.3006,537,RLUS1353,13,ACE-3
501,3.739,436.1676,151,RLUS1353,13,ACE-3
501,3.739,436.3048,200,RLUS1353,13,ACE-3
501,3.739,437.1682,400,RLUS1353,13,ACE-3
501,3.739,437.3048,185,RLUS1353,13,ACE-3
501,3.739,438.249,113,RLUS1353,13,ACE-3
501,3.739,438.3176,117,RLUS1353,13,ACE-3
501,3.739,439.1778,128,RLUS1353,13,ACE-3
501,3.739,440.2639,107,RLUS1353,13,ACE-3
501,3.739,441.2724,171,RLUS1353,13,ACE-3
501,3.739,450.3002,1338,RLUS1353,13,ACE-3
501,3.739,451.3022,2521,RLUS1353,13,ACE-3
501,3.739,452.3074,3533,RLUS1353,13,ACE-3
501,3.739,453.3128,3473,RLUS1353,13,ACE-3
501,3.739,454.3146,2709,RLUS1353,13,ACE-3
501,3.739,455.3194,1903,RLUS1353,13,ACE-3
501,3.739,456.2773,151,RLUS1353,13,ACE-3
501,3.739,456.3211,1155,RLUS1353,13,ACE-3
501,3.739,457.2752,273,RLUS1353,13,ACE-3
501,3.739,457.3274,261,RLUS1353,13,ACE-3
501,3.739,458.2811,413,RLUS1353,13,ACE-3
501,3.739,458.3267,124,RLUS1353,13,ACE-3
501,3.739,459.2742,170,RLUS1353,13,ACE-3
501,3.739,460.2316,120,RLUS1353,13,ACE-3
501,3.739,461.2352,125,RLUS1353,13,ACE-3
501,3.739,468.3101,614,RLUS1353,13,ACE-3
501,3.739,469.3138,1277,RLUS1353,13,ACE-3
502,3.746,432.239,638,RLUS1353,13,ACE-3
502,3.746,432.2942,382,RLUS1353,13,ACE-3
502,3.746,433.293,531,RLUS1353,13,ACE-3
502,3.746,434.297,669,RLUS1353,13,ACE-3
502,3.746,435.1646,399,RLUS1353,13,ACE-3
502,3.746,435.2995,1496,RLUS1353,13,ACE-3
502,3.746,436.1698,123,RLUS1353,13,ACE-3
502,3.746,436.3037,833,RLUS1353,13,ACE-3
502,3.746,437.1626,472,RLUS1353,13,ACE-3
502,3.746,437.3056,745,RLUS1353,13,ACE-3
502,3.746,438.3147,430,RLUS1353,13,ACE-3
502,3.746,439.3165,137,RLUS1353,13,ACE-3
502,3.746,445.1088,174,RLUS1353,13,ACE-3
502,3.746,450.3,2228,RLUS1353,13,ACE-3
502,3.746,451.3028,7165,RLUS1353,13,ACE-3
502,3.746,452.3077,10019,RLUS1353,13,ACE-3
502,3.746,453.1661,130,RLUS1353,13,ACE-3
502,3.746,453.3104,9748,RLUS1353,13,ACE-3
502,3.746,454.3144,8001,RLUS1353,13,ACE-3
502,3.746,455.3171,6044,RLUS1353,13,ACE-3
502,3.746,456.3196,2999,RLUS1353,13,ACE-3
502,3.746,457.2694,233,RLUS1353,13,ACE-3
502,3.746,457.3236,1445,RLUS1353,13,ACE-3
502,3.746,458.2747,199,RLUS1353,13,ACE-3
502,3.746,458.3306,351,RLUS1353,13,ACE-3
502,3.746,459.2786,261,RLUS1353,13,ACE-3
502,3.746,459.3322,105,RLUS1353,13,ACE-3
502,3.746,460.2386,194,RLUS1353,13,ACE-3
502,3.746,461.232,100,RLUS1353,13,ACE-3
502,3.746,467.2897,257,RLUS1353,13,ACE-3
502,3.746,468.3091,1256,RLUS1353,13,ACE-3
502,3.746,469.3135,2276,RLUS1353,13,ACE-3
503,3.753,432.2416,854,RLUS1353,13,ACE-3
503,3.753,432.2888,590,RLUS1353,13,ACE-3
503,3.753,433.2482,211,RLUS1353,13,ACE-3
503,3.753,433.2912,1486,RLUS1353,13,ACE-3
503,3.753,434.1522,116,RLUS1353,13,ACE-3
503,3.753,434.2952,1636,RLUS1353,13,ACE-3
503,3.753,435.1694,719,RLUS1353,13,ACE-3
503,3.753,435.2976,2159,RLUS1353,13,ACE-3
503,3.753,436.1699,237,RLUS1353,13,ACE-3
503,3.753,436.3016,1523,RLUS1353,13,ACE-3
503,3.753,437.1618,376,RLUS1353,13,ACE-3
503,3.753,437.3077,1083,RLUS1353,13,ACE-3
503,3.753,438.3099,294,RLUS1353,13,ACE-3
503,3.753,439.3086,197,RLUS1353,13,ACE-3
503,3.753,448.226,109,RLUS1353,13,ACE-3
503,3.753,449.2839,169,RLUS1353,13,ACE-3
503,3.753,450.3014,5018,RLUS1353,13,ACE-3
503,3.753,451.3037,12241,RLUS1353,13,ACE-3
503,3.753,452.3078,17247,RLUS1353,13,ACE-3
503,3.753,453.1729,162,RLUS1353,13,ACE-3
503,3.753,453.3108,18679,RLUS1353,13,ACE-3
503,3.753,454.3138,15294,RLUS1353,13,ACE-3
503,3.753,455.3178,9102,RLUS1353,13,ACE-3
503,3.753,456.3207,5465,RLUS1353,13,ACE-3
503,3.753,457.3244,2260,RLUS1353,13,ACE-3
503,3.753,458.3308,758,RLUS1353,13,ACE-3
503,3.753,459.3344,256,RLUS1353,13,ACE-3
503,3.753,460.2364,100,RLUS1353,13,ACE-3
503,3.753,466.29,143,RLUS1353,13,ACE-3
503,3.753,467.2979,144,RLUS1353,13,ACE-3
503,3.753,468.3121,1754,RLUS1353,13,ACE-3
503,3.753,469.3152,3903,RLUS1353,13,ACE-3
504,3.76,431.1984,165,RLUS1353,13,ACE-3
504,3.76,432.2397,156,RLUS1353,13,ACE-3
504,3.76,432.2875,641,RLUS1353,13,ACE-3
504,3.76,433.2398,105,RLUS1353,13,ACE-3
504,3.76,433.2937,1316,RLUS1353,13,ACE-3
504,3.76,434.2971,1982,RLUS1353,13,ACE-3
504,3.76,435.1708,480,RLUS1353,13,ACE-3
504,3.76,435.3011,2017,RLUS1353,13,ACE-3
504,3.76,436.1696,151,RLUS1353,13,ACE-3
504,3.76,436.3032,1920,RLUS1353,13,ACE-3
504,3.76,437.165,392,RLUS1353,13,ACE-3
504,3.76,437.3072,860,RLUS1353,13,ACE-3
504,3.76,438.1673,108,RLUS1353,13,ACE-3
504,3.76,438.308,501,RLUS1353,13,ACE-3
504,3.76,439.3188,460,RLUS1353,13,ACE-3
504,3.76,450.3,5683,RLUS1353,13,ACE-3
504,3.76,451.3036,11665,RLUS1353,13,ACE-3
504,3.76,452.3072,18379,RLUS1353,13,ACE-3
504,3.76,453.1718,112,RLUS1353,13,ACE-3
504,3.76,453.3109,16953,RLUS1353,13,ACE-3
504,3.76,454.3146,14019,RLUS1353,13,ACE-3
504,3.76,455.3176,9178,RLUS1353,13,ACE-3
504,3.76,455.4986,146,RLUS1353,13,ACE-3
504,3.76,456.3202,4943,RLUS1353,13,ACE-3
504,3.76,457.326,2177,RLUS1353,13,ACE-3
504,3.76,458.3282,1141,RLUS1353,13,ACE-3
504,3.76,459.3459,118,RLUS1353,13,ACE-3
504,3.76,466.2858,189,RLUS1353,13,ACE-3
504,3.76,467.293,303,RLUS1353,13,ACE-3
504,3.76,468.3112,1979,RLUS1353,13,ACE-3
504,3.76,469.3136,4744,RLUS1353,13,ACE-3
505,3.767,432.2409,106,RLUS1353,13,ACE-3
505,3.767,432.2934,400,RLUS1353,13,ACE-3
505,3.767,433.2974,660,RLUS1353,13,ACE-3
505,3.767,434.2968,1279,RLUS1353,13,ACE-3
505,3.767,435.1714,680,RLUS1353,13,ACE-3
505,3.767,435.3023,1543,RLUS1353,13,ACE-3
505,3.767,436.1708,225,RLUS1353,13,ACE-3
505,3.767,436.3048,711,RLUS1353,13,ACE-3
505,3.767,437.1646,215,RLUS1353,13,ACE-3
505,3.767,437.3056,649,RLUS1353,13,ACE-3
505,3.767,438.17,156,RLUS1353,13,ACE-3
505,3.767,438.3069,136,RLUS1353,13,ACE-3
505,3.767,439.1586,134,RLUS1353,13,ACE-3
505,3.767,450.3008,3228,RLUS1353,13,ACE-3
505,3.767,451.3051,7851,RLUS1353,13,ACE-3
505,3.767,452.3086,11106,RLUS1353,13,ACE-3
505,3.767,453.3118,11480,RLUS1353,13,ACE-3
505,3.767,454.3156,10538,RLUS1353,13,ACE-3
505,3.767,455.3184,6336,RLUS1353,13,ACE-3
505,3.767,456.3216,3509,RLUS1353,13,ACE-3
505,3.767,457.3246,1930,RLUS1353,13,ACE-3
505,3.767,458.3282,640,RLUS1353,13,ACE-3
505,3.767,467.2903,383,RLUS1353,13,ACE-3
505,3.767,468.3088,1032,RLUS1353,13,ACE-3
505,3.767,469.3156,3137,RLUS1353,13,ACE-3
506,3.775,432.2912,355,RLUS1353,13,ACE-3
506,3.775,433.2904,628,RLUS1353,13,ACE-3
506,3.775,434.2958,540,RLUS1353,13,ACE-3
506,3.775,435.1662,714,RLUS1353,13,ACE-3
506,3.775,435.2982,623,RLUS1353,13,ACE-3
506,3.775,436.1662,254,RLUS1353,13,ACE-3
506,3.775,436.3076,463,RLUS1353,13,ACE-3
506,3.775,437.1619,377,RLUS1353,13,ACE-3
506,3.775,437.3077,374,RLUS1353,13,ACE-3
506,3.775,438.3117,161,RLUS1353,13,ACE-3
506,3.775,449.7384,109,RLUS1353,13,ACE-3
506,3.775,450.3002,1582,RLUS1353,13,ACE-3
506,3.775,451.3048,3982,RLUS1353,13,ACE-3
506,3.775,452.3077,6532,RLUS1353,13,ACE-3
506,3.775,453.3121,6198,RLUS1353,13,ACE-3
506,3.775,454.3136,5631,RLUS1353,13,ACE-3
506,3.775,455.318,3982,RLUS1353,13,ACE-3
506,3.775,456.323,2089,RLUS1353,13,ACE-3
506,3.775,457.3264,715,RLUS1353,13,ACE-3
506,3.775,458.2752,118,RLUS1353,13,ACE-3
506,3.775,458.3351,374,RLUS1353,13,ACE-3
506,3.775,466.2911,272,RLUS1353,13,ACE-3
506,3.775,467.2891,132,RLUS1353,13,ACE-3
506,3.775,467.3355,114,RLUS1353,13,ACE-3
506,3.775,468.3068,1278,RLUS1353,13,ACE-3
506,3.775,469.3174,1874,RLUS1353,13,ACE-3
507,3.782,432.2884,158,RLUS1353,13,ACE-3
507,3.782,433.2899,296,RLUS1353,13,ACE-3
507,3.782,434.2888,167,RLUS1353,13,ACE-3
507,3.782,435.1696,492,RLUS1353,13,ACE-3
507,3.782,435.2995,415,RLUS1353,13,ACE-3
507,3.782,436.1776,188,RLUS1353,13,ACE-3
507,3.782,436.3058,346,RLUS1353,13,ACE-3
507,3.782,437.168,328,RLUS1353,13,ACE-3
507,3.782,438.3148,131,RLUS1353,13,ACE-3
507,3.782,438.9803,107,RLUS1353,13,ACE-3
507,3.782,446.2186,103,RLUS1353,13,ACE-3
507,3.782,450.2982,1161,RLUS1353,13,ACE-3
507,3.782,451.3026,2027,RLUS1353,13,ACE-3
507,3.782,452.3084,3240,RLUS1353,13,ACE-3
507,3.782,453.3092,3834,RLUS1353,13,ACE-3
507,3.782,454.3138,2110,RLUS1353,13,ACE-3
507,3.782,455.3182,1860,RLUS1353,13,ACE-3
507,3.782,456.3199,1060,RLUS1353,13,ACE-3
507,3.782,457.3206,437,RLUS1353,13,ACE-3
507,3.782,460.2348,169,RLUS1353,13,ACE-3
507,3.782,466.329,100,RLUS1353,13,ACE-3
507,3.782,467.304,407,RLUS1353,13,ACE-3
507,3.782,468.3137,667,RLUS1353,13,ACE-3
507,3.782,469.3128,952,RLUS1353,13,ACE-3
508,3.789,432.2378,140,RLUS1353,13,ACE-3
508,3.789,432.2768,127,RLUS1353,13,ACE-3
508,3.789,433.2869,182,RLUS1353,13,ACE-3
508,3.789,434.2914,386,RLUS1353,13,ACE-3
508,3.789,435.1684,699,RLUS1353,13,ACE-3
508,3.789,435.29,261,RLUS1353,13,ACE-3
508,3.789,436.1798,148,RLUS1353,13,ACE-3
508,3.789,436.3,164,RLUS1353,13,ACE-3
508,3.789,437.1664,327,RLUS1353,13,ACE-3
508,3.789,437.2968,131,RLUS1353,13,ACE-3
508,3.789,438.3141,216,RLUS1353,13,ACE-3
508,3.789,450.3025,391,RLUS1353,13,ACE-3
508,3.789,451.3023,1298,RLUS1353,13,ACE-3
508,3.789,452.3077,1746,RLUS1353,13,ACE-3
508,3.789,453.3113,2159,RLUS1353,13,ACE-3
508,3.789,454.3152,1473,RLUS1353,13,ACE-3
508,3.789,455.317,1144,RLUS1353,13,ACE-3
508,3.789,456.3248,583,RLUS1353,13,ACE-3
508,3.789,457.321,293,RLUS1353,13,ACE-3
508,3.789,458.325,122,RLUS1353,13,ACE-3
508,3.789,466.2874,140,RLUS1353,13,ACE-3
508,3.789,467.289,213,RLUS1353,13,ACE-3
508,3.789,468.3105,475,RLUS1353,13,ACE-3
508,3.789,469.3148,949,RLUS1353,13,ACE-3
509,3.796,433.2846,265,RLUS1353,13,ACE-3
509,3.796,434.2998,136,RLUS1353,13,ACE-3
509,3.796,435.1674,852,RLUS1353,13,ACE-3
509,3.796,435.3008,369,RLUS1353,13,ACE-3
509,3.796,436.1756,159,RLUS1353,13,ACE-3
509,3.796,436.3102,205,RLUS1353,13,ACE-3
509,3.796,437.1634,263,RLUS1353,13,ACE-3
509,3.796,438.1624,180,RLUS1353,13,ACE-3
509,3.796,438.3048,126,RLUS1353,13,ACE-3
509,3.796,450.3003,603,RLUS1353,13,ACE-3
509,3.796,451.3026,1419,RLUS1353,13,ACE-3
509,3.796,452.3073,1890,RLUS1353,13,ACE-3
509,3.796,453.3104,1797,RLUS1353,13,ACE-3
509,3.796,454.314,1330,RLUS1353,13,ACE-3
509,3.796,455.3185,1082,RLUS1353,13,ACE-3
509,3.796,456.3205,525,RLUS1353,13,ACE-3
509,3.796,458.1281,133,RLUS1353,13,ACE-3
509,3.796,468.3077,462,RLUS1353,13,ACE-3
509,3.796,469.3126,687,RLUS1353,13,ACE-3
510,3.803,433.2914,131,RLUS1353,13,ACE-3
510,3.803,435.171,584,RLUS1353,13,ACE-3
510,3.803,435.3078,135,RLUS1353,13,ACE-3
510,3.803,436.2986,114,RLUS1353,13,ACE-3
510,3.803,436.948,131,RLUS1353,13,ACE-3
510,3.803,437.1684,215,RLUS1353,13,ACE-3
510,3.803,438.172,151,RLUS1353,13,ACE-3
510,3.803,442.4594,105,RLUS1353,13,ACE-3
510,3.803,450.2989,260,RLUS1353,13,ACE-3
510,3.803,451.3077,1188,RLUS1353,13,ACE-3
510,3.803,452.3086,1445,RLUS1353,13,ACE-3
510,3.803,453.313,1541,RLUS1353,13,ACE-3
510,3.803,454.3116,1361,RLUS1353,13,ACE-3
510,3.803,455.3158,715,RLUS1353,13,ACE-3
510,3.803,456.3177,573,RLUS1353,13,ACE-3
510,3.803,457.3222,142,RLUS1353,13,ACE-3
510,3.803,468.3092,243,RLUS1353,13,ACE-3
510,3.803,469.3131,465,RLUS1353,13,ACE-3
511,3.81,434.3016,264,RLUS1353,13,ACE-3
511,3.81,435.168,647,RLUS1353,13,ACE-3
511,3.81,435.295,490,RLUS1353,13,ACE-3
511,3.81,436.3006,103,RLUS1353,13,ACE-3
511,3.81,437.1656,336,RLUS1353,13,ACE-3
511,3.81,440.1276,105,RLUS1353,13,ACE-3
511,3.81,450.2979,318,RLUS1353,13,ACE-3
511,3.81,451.3036,1033,RLUS1353,13,ACE-3
511,3.81,452.3062,1548,RLUS1353,13,ACE-3
511,3.81,453.3149,1427,RLUS1353,13,ACE-3
511,3.81,454.3122,1188,RLUS1353,13,ACE-3
511,3.81,455.3166,802,RLUS1353,13,ACE-3
511,3.81,456.319,504,RLUS1353,13,ACE-3
511,3.81,457.3247,215,RLUS1353,13,ACE-3
511,3.81,468.3053,175,RLUS1353,13,ACE-3
511,3.81,469.3106,414,RLUS1353,13,ACE-3
512,3.817,434.302,126,RLUS1353,13,ACE-3
512,3.817,435.1634,358,RLUS1353,13,ACE-3
512,3.817,436.1722,202,RLUS1353,13,ACE-3
512,3.817,436.3058,224,RLUS1353,13,ACE-3
512,3.817,437.1627,457,RLUS1353,13,ACE-3
512,3.817,438.2997,113,RLUS1353,13,ACE-3
512,3.817,444.152,102,RLUS1353,13,ACE-3
512,3.817,450.2964,511,RLUS1353,13,ACE-3
512,3.817,451.304,1256,RLUS1353,13,ACE-3
512,3.817,452.3065,1267,RLUS1353,13,ACE-3
512,3.817,453.3122,1395,RLUS1353,13,ACE-3
512,3.817,454.3146,1471,RLUS1353,13,ACE-3
512,3.817,455.3165,1019,RLUS1353,13,ACE-3
512,3.817,456.3212,382,RLUS1353,13,ACE-3
512,3.817,457.3262,179,RLUS1353,13,ACE-3
512,3.817,468.3014,358,RLUS1353,13,ACE-3
512,3.817,469.3043,339,RLUS1353,13,ACE-3
23,3.698,453.7844,180,RLUS1353,13,ACE-4
496,3.703,430.3294,100,RLUS1353,13,ACE-4
496,3.703,433.2946,157,RLUS1353,13,ACE-4
496,3.703,435.1669,845,RLUS1353,13,ACE-4
496,3.703,436.1706,133,RLUS1353,13,ACE-4
496,3.703,437.1659,318,RLUS1353,13,ACE-4
496,3.703,438.1646,154,RLUS1353,13,ACE-4
496,3.703,442.3628,275,RLUS1353,13,ACE-4
496,3.703,443.369,131,RLUS1353,13,ACE-4
496,3.703,445.3708,144,RLUS1353,13,ACE-4
496,3.703,449.3929,247,RLUS1353,13,ACE-4
496,3.703,450.2876,204,RLUS1353,13,ACE-4
496,3.703,452.3037,170,RLUS1353,13,ACE-4
496,3.703,453.1789,147,RLUS1353,13,ACE-4
496,3.703,453.3146,123,RLUS1353,13,ACE-4
496,3.703,454.3126,150,RLUS1353,13,ACE-4
496,3.703,455.1334,132,RLUS1353,13,ACE-4
496,3.703,455.3199,154,RLUS1353,13,ACE-4
496,3.703,465.2781,200,RLUS1353,13,ACE-4
496,3.703,466.3088,190,RLUS1353,13,ACE-4
496,3.703,467.293,346,RLUS1353,13,ACE-4
496,3.703,468.2996,398,RLUS1353,13,ACE-4
496,3.703,469.3044,335,RLUS1353,13,ACE-4
497,3.711,435.1666,824,RLUS1353,13,ACE-4
497,3.711,435.2687,120,RLUS1353,13,ACE-4
497,3.711,436.1681,240,RLUS1353,13,ACE-4
497,3.711,437.1722,284,RLUS1353,13,ACE-4
497,3.711,440.3552,181,RLUS1353,13,ACE-4
497,3.711,442.3722,150,RLUS1353,13,ACE-4
497,3.711,443.3679,132,RLUS1353,13,ACE-4
497,3.711,449.3878,126,RLUS1353,13,ACE-4
497,3.711,451.291,335,RLUS1353,13,ACE-4
497,3.711,452.2968,422,RLUS1353,13,ACE-4
497,3.711,453.177,101,RLUS1353,13,ACE-4
497,3.711,453.3051,230,RLUS1353,13,ACE-4
497,3.711,454.3059,173,RLUS1353,13,ACE-4
497,3.711,455.3136,229,RLUS1353,13,ACE-4
497,3.711,467.2969,202,RLUS1353,13,ACE-4
497,3.711,468.2994,308,RLUS1353,13,ACE-4
497,3.711,469.3037,312,RLUS1353,13,ACE-4
498,3.718,435.1668,368,RLUS1353,13,ACE-4
498,3.718,436.1656,186,RLUS1353,13,ACE-4
498,3.718,437.1636,376,RLUS1353,13,ACE-4
498,3.718,437.2533,107,RLUS1353,13,ACE-4
498,3.718,440.3598,158,RLUS1353,13,ACE-4
498,3.718,443.3639,107,RLUS1353,13,ACE-4
498,3.718,450.2924,217,RLUS1353,13,ACE-4
498,3.718,451.3159,318,RLUS1353,13,ACE-4
498,3.718,452.3074,397,RLUS1353,13,ACE-4
498,3.718,453.1808,309,RLUS1353,13,ACE-4
498,3.718,453.3104,307,RLUS1353,13,ACE-4
498,3.718,454.3078,374,RLUS1353,13,ACE-4
498,3.718,455.319,342,RLUS1353,13,ACE-4
498,3.718,457.2594,130,RLUS1353,13,ACE-4
498,3.718,457.4912,102,RLUS1353,13,ACE-4
498,3.718,461.4971,123,RLUS1353,13,ACE-4
498,3.718,466.2857,191,RLUS1353,13,ACE-4
498,3.718,468.298,340,RLUS1353,13,ACE-4
498,3.718,469.2954,160,RLUS1353,13,ACE-4
499,3.725,432.2394,149,RLUS1353,13,ACE-4
499,3.725,435.167,708,RLUS1353,13,ACE-4
499,3.725,436.165,142,RLUS1353,13,ACE-4
499,3.725,436.3156,138,RLUS1353,13,ACE-4
499,3.725,437.1692,579,RLUS1353,13,ACE-4
499,3.725,443.1138,110,RLUS1353,13,ACE-4
499,3.725,449.3844,102,RLUS1353,13,ACE-4
499,3.725,450.2994,208,RLUS1353,13,ACE-4
499,3.725,451.3011,476,RLUS1353,13,ACE-4
499,3.725,452.307,681,RLUS1353,13,ACE-4
499,3.725,453.3087,514,RLUS1353,13,ACE-4
499,3.725,454.3157,446,RLUS1353,13,ACE-4
499,3.725,455.3239,194,RLUS1353,13,ACE-4
499,3.725,457.3262,112,RLUS1353,13,ACE-4
499,3.725,458.2746,182,RLUS1353,13,ACE-4
499,3.725,459.2761,252,RLUS1353,13,ACE-4
499,3.725,460.2835,124,RLUS1353,13,ACE-4
499,3.725,461.2286,107,RLUS1353,13,ACE-4
499,3.725,462.5488,152,RLUS1353,13,ACE-4
499,3.725,467.3058,187,RLUS1353,13,ACE-4
499,3.725,469.3088,178,RLUS1353,13,ACE-4
500,3.732,432.2418,623,RLUS1353,13,ACE-4
500,3.732,433.2375,108,RLUS1353,13,ACE-4
500,3.732,435.1702,527,RLUS1353,13,ACE-4
500,3.732,435.256,112,RLUS1353,13,ACE-4
500,3.732,435.304,169,RLUS1353,13,ACE-4
500,3.732,436.1638,161,RLUS1353,13,ACE-4
500,3.732,436.2924,140,RLUS1353,13,ACE-4
500,3.732,437.1636,430,RLUS1353,13,ACE-4
500,3.732,437.2298,140,RLUS1353,13,ACE-4
500,3.732,438.1738,113,RLUS1353,13,ACE-4
500,3.732,440.2721,171,RLUS1353,13,ACE-4
500,3.732,442.1996,115,RLUS1353,13,ACE-4
500,3.732,449.3928,141,RLUS1353,13,ACE-4
500,3.732,450.3026,271,RLUS1353,13,ACE-4
500,3.732,451.3028,548,RLUS1353,13,ACE-4
500,3.732,452.3094,1396,RLUS1353,13,ACE-4
500,3.732,453.3122,1265,RLUS1353,13,ACE-4
500,3.732,454.3159,903,RLUS1353,13,ACE-4
500,3.732,455.3192,626,RLUS1353,13,ACE-4
500,3.732,456.274,380,RLUS1353,13,ACE-4
500,3.732,456.3254,327,RLUS1353,13,ACE-4
500,3.732,457.274,469,RLUS1353,13,ACE-4
500,3.732,457.3214,151,RLUS1353,13,ACE-4
500,3.732,458.2815,333,RLUS1353,13,ACE-4
500,3.732,459.2818,489,RLUS1353,13,ACE-4
500,3.732,460.2386,205,RLUS1353,13,ACE-4
500,3.732,460.2743,175,RLUS1353,13,ACE-4
500,3.732,467.0936,127,RLUS1353,13,ACE-4
500,3.732,468.2996,253,RLUS1353,13,ACE-4
500,3.732,469.3082,645,RLUS1353,13,ACE-4
501,3.739,432.2396,1116,RLUS1353,13,ACE-4
501,3.739,433.2445,301,RLUS1353,13,ACE-4
501,3.739,433.2938,151,RLUS1353,13,ACE-4
501,3.739,434.2916,213,RLUS1353,13,ACE-4
501,3.739,435.168,803,RLUS1353,13,ACE-4
501,3.739,435.301,505,RLUS1353,13,ACE-4
501,3.739,436.1727,304,RLUS1353,13,ACE-4
501,3.739,436.3014,382,RLUS1353,13,ACE-4
501,3.739,437.1612,292,RLUS1353,13,ACE-4
501,3.739,437.3034,205,RLUS1353,13,ACE-4
501,3.739,438.167,197,RLUS1353,13,ACE-4
501,3.739,441.2115,128,RLUS1353,13,ACE-4
501,3.739,446.2062,110,RLUS1353,13,ACE-4
501,3.739,450.2978,989,RLUS1353,13,ACE-4
501,3.739,451.3043,3026,RLUS1353,13,ACE-4
501,3.739,452.3059,5066,RLUS1353,13,ACE-4
501,3.739,453.3114,5075,RLUS1353,13,ACE-4
501,3.739,454.3144,5254,RLUS1353,13,ACE-4
501,3.739,455.3172,2982,RLUS1353,13,ACE-4
501,3.739,456.2672,113,RLUS1353,13,ACE-4
501,3.739,456.3218,1703,RLUS1353,13,ACE-4
501,3.739,457.2738,372,RLUS1353,13,ACE-4
501,3.739,457.3242,978,RLUS1353,13,ACE-4
501,3.739,458.2776,629,RLUS1353,13,ACE-4
501,3.739,458.3239,219,RLUS1353,13,ACE-4
501,3.739,459.2792,249,RLUS1353,13,ACE-4
501,3.739,460.2334,425,RLUS1353,13,ACE-4
501,3.739,467.2997,126,RLUS1353,13,ACE-4
501,3.739,468.3064,571,RLUS1353,13,ACE-4
501,3.739,469.3142,1078,RLUS1353,13,ACE-4
502,3.746,432.24,948,RLUS1353,13,ACE-4
502,3.746,432.2891,280,RLUS1353,13,ACE-4
502,3.746,433.2439,467,RLUS1353,13,ACE-4
502,3.746,433.2936,1117,RLUS1353,13,ACE-4
502,3.746,434.2378,244,RLUS1353,13,ACE-4
502,3.746,434.2964,1679,RLUS1353,13,ACE-4
502,3.746,435.1686,1137,RLUS1353,13,ACE-4
502,3.746,435.2996,1877,RLUS1353,13,ACE-4
502,3.746,436.1674,112,RLUS1353,13,ACE-4
502,3.746,436.303,1620,RLUS1353,13,ACE-4
502,3.746,437.1665,720,RLUS1353,13,ACE-4
502,3.746,437.3078,922,RLUS1353,13,ACE-4
502,3.746,438.1664,122,RLUS1353,13,ACE-4
502,3.746,438.3018,623,RLUS1353,13,ACE-4
502,3.746,439.3148,223,RLUS1353,13,ACE-4
502,3.746,440.268,100,RLUS1353,13,ACE-4
502,3.746,450.2992,3335,RLUS1353,13,ACE-4
502,3.746,451.3024,9455,RLUS1353,13,ACE-4
502,3.746,452.3077,13775,RLUS1353,13,ACE-4
502,3.746,453.3108,14325,RLUS1353,13,ACE-4
502,3.746,454.3147,13133,RLUS1353,13,ACE-4
502,3.746,455.3184,8143,RLUS1353,13,ACE-4
502,3.746,456.3214,5511,RLUS1353,13,ACE-4
502,3.746,457.2668,182,RLUS1353,13,ACE-4
502,3.746,457.3248,2558,RLUS1353,13,ACE-4
502,3.746,458.2774,433,RLUS1353,13,ACE-4
502,3.746,458.3296,1070,RLUS1353,13,ACE-4
502,3.746,459.2826,118,RLUS1353,13,ACE-4
502,3.746,459.3408,355,RLUS1353,13,ACE-4
502,3.746,460.2359,258,RLUS1353,13,ACE-4
502,3.746,460.2773,238,RLUS1353,13,ACE-4
502,3.746,467.2799,102,RLUS1353,13,ACE-4
502,3.746,468.308,1439,RLUS1353,13,ACE-4
502,3.746,469.3142,4359,RLUS1353,13,ACE-4
503,3.753,432.2396,851,RLUS1353,13,ACE-4
503,3.753,432.2864,613,RLUS1353,13,ACE-4
503,3.753,433.1008,148,RLUS1353,13,ACE-4
503,3.753,433.293,2811,RLUS1353,13,ACE-4
503,3.753,434.2961,3269,RLUS1353,13,ACE-4
503,3.753,435.168,1194,RLUS1353,13,ACE-4
503,3.753,435.3012,4019,RLUS1353,13,ACE-4
503,3.753,436.1721,460,RLUS1353,13,ACE-4
503,3.753,436.3042,3743,RLUS1353,13,ACE-4
503,3.753,437.162,709,RLUS1353,13,ACE-4
503,3.753,437.3072,2207,RLUS1353,13,ACE-4
503,3.753,438.1652,133,RLUS1353,13,ACE-4
503,3.753,438.3096,1496,RLUS1353,13,ACE-4
503,3.753,439.3132,772,RLUS1353,13,ACE-4
503,3.753,440.3142,181,RLUS1353,13,ACE-4
503,3.753,442.8284,141,RLUS1353,13,ACE-4
503,3.753,450.3005,6590,RLUS1353,13,ACE-4
503,3.753,451.3049,17305,RLUS1353,13,ACE-4
503,3.753,452.3079,28072,RLUS1353,13,ACE-4
503,3.753,453.179,116,RLUS1353,13,ACE-4
503,3.753,453.3115,29591,RLUS1353,13,ACE-4
503,3.753,454.3144,27502,RLUS1353,13,ACE-4
503,3.753,455.151,169,RLUS1353,13,ACE-4
503,3.753,455.3184,18095,RLUS1353,13,ACE-4
503,3.753,456.3208,9732,RLUS1353,13,ACE-4
503,3.753,457.2614,105,RLUS1353,13,ACE-4
503,3.753,457.3244,4582,RLUS1353,13,ACE-4
503,3.753,458.273,337,RLUS1353,13,ACE-4
503,3.753,458.3288,1534,RLUS1353,13,ACE-4
503,3.753,459.337,306,RLUS1353,13,ACE-4
503,3.753,460.2342,171,RLUS1353,13,ACE-4
503,3.753,467.292,423,RLUS1353,13,ACE-4
503,3.753,468.3096,2582,RLUS1353,13,ACE-4
503,3.753,469.3134,6186,RLUS1353,13,ACE-4
504,3.76,432.2389,386,RLUS1353,13,ACE-4
504,3.76,432.2878,900,RLUS1353,13,ACE-4
504,3.76,433.2914,1925,RLUS1353,13,ACE-4
504,3.76,434.2968,3817,RLUS1353,13,ACE-4
504,3.76,435.168,1078,RLUS1353,13,ACE-4
504,3.76,435.3006,4308,RLUS1353,13,ACE-4
504,3.76,436.1696,450,RLUS1353,13,ACE-4
504,3.76,436.3032,3629,RLUS1353,13,ACE-4
504,3.76,437.168,639,RLUS1353,13,ACE-4
504,3.76,437.306,2671,RLUS1353,13,ACE-4
504,3.76,438.172,152,RLUS1353,13,ACE-4
504,3.76,438.3092,1310,RLUS1353,13,ACE-4
504,3.76,439.319,593,RLUS1353,13,ACE-4
504,3.76,440.3157,255,RLUS1353,13,ACE-4
504,3.76,450.3008,6897,RLUS1353,13,ACE-4
504,3.76,451.3046,18433,RLUS1353,13,ACE-4
504,3.76,452.3076,29699,RLUS1353,13,ACE-4
504,3.76,452.4232,113,RLUS1353,13,ACE-4
504,3.76,453.1798,126,RLUS1353,13,ACE-4
504,3.76,453.3114,29741,RLUS1353,13,ACE-4
504,3.76,454.209,137,RLUS1353,13,ACE-4
504,3.76,454.3146,26060,RLUS1353,13,ACE-4
504,3.76,455.0096,150,RLUS1353,13,ACE-4
504,3.76,455.3178,19387,RLUS1353,13,ACE-4
504,3.76,456.3202,9848,RLUS1353,13,ACE-4
504,3.76,457.3246,5399,RLUS1353,13,ACE-4
504,3.76,458.2598,161,RLUS1353,13,ACE-4
504,3.76,458.3288,1912,RLUS1353,13,ACE-4
504,3.76,459.272,109,RLUS1353,13,ACE-4
504,3.76,459.3332,427,RLUS1353,13,ACE-4
504,3.76,466.8824,107,RLUS1353,13,ACE-4
504,3.76,467.2985,399,RLUS1353,13,ACE-4
504,3.76,468.3091,2482,RLUS1353,13,ACE-4
504,3.76,469.3139,6429,RLUS1353,13,ACE-4
504,3.76,470.091,123,RLUS1353,13,ACE-4
505,3.768,432.2402,311,RLUS1353,13,ACE-4
505,3.768,432.2928,496,RLUS1353,13,ACE-4
505,3.768,433.2908,1425,RLUS1353,13,ACE-4
505,3.768,434.2982,2007,RLUS1353,13,ACE-4
505,3.768,435.167,965,RLUS1353,13,ACE-4
505,3.768,435.3008,2381,RLUS1353,13,ACE-4
505,3.768,436.1714,202,RLUS1353,13,ACE-4
505,3.768,436.3069,2145,RLUS1353,13,ACE-4
505,3.768,437.1588,523,RLUS1353,13,ACE-4
505,3.768,437.306,1650,RLUS1353,13,ACE-4
505,3.768,438.3056,803,RLUS1353,13,ACE-4
505,3.768,439.1904,114,RLUS1353,13,ACE-4
505,3.768,439.3148,361,RLUS1353,13,ACE-4
505,3.768,440.3173,143,RLUS1353,13,ACE-4
505,3.768,443.0892,165,RLUS1353,13,ACE-4
505,3.768,449.2724,139,RLUS1353,13,ACE-4
505,3.768,450.3008,5200,RLUS1353,13,ACE-4
505,3.768,451.3036,12799,RLUS1353,13,ACE-4
505,3.768,452.308,20062,RLUS1353,13,ACE-4
505,3.768,453.3115,19946,RLUS1353,13,ACE-4
505,3.768,454.3144,17582,RLUS1353,13,ACE-4
505,3.768,455.3174,12648,RLUS1353,13,ACE-4
505,3.768,456.3208,7330,RLUS1353,13,ACE-4
505,3.768,457.3249,3158,RLUS1353,13,ACE-4
505,3.768,458.2734,149,RLUS1353,13,ACE-4
505,3.768,458.3294,1289,RLUS1353,13,ACE-4
505,3.768,459.3336,373,RLUS1353,13,ACE-4
505,3.768,460.2337,194,RLUS1353,13,ACE-4
505,3.768,467.282,175,RLUS1353,13,ACE-4
505,3.768,468.3086,1401,RLUS1353,13,ACE-4
505,3.768,469.3149,4382,RLUS1353,13,ACE-4
506,3.775,432.24,268,RLUS1353,13,ACE-4
506,3.775,432.2876,175,RLUS1353,13,ACE-4
506,3.775,433.2474,215,RLUS1353,13,ACE-4
506,3.775,433.2926,795,RLUS1353,13,ACE-4
506,3.775,434.2981,943,RLUS1353,13,ACE-4
506,3.775,435.1686,1072,RLUS1353,13,ACE-4
506,3.775,435.3024,1289,RLUS1353,13,ACE-4
506,3.775,436.1736,267,RLUS1353,13,ACE-4
506,3.775,436.3037,1000,RLUS1353,13,ACE-4
506,3.775,437.1643,616,RLUS1353,13,ACE-4
506,3.775,437.3092,714,RLUS1353,13,ACE-4
506,3.775,438.1653,251,RLUS1353,13,ACE-4
506,3.775,438.3137,540,RLUS1353,13,ACE-4
506,3.775,439.3144,297,RLUS1353,13,ACE-4
506,3.775,450.2988,2072,RLUS1353,13,ACE-4
506,3.775,451.3034,6708,RLUS1353,13,ACE-4
506,3.775,452.3076,8954,RLUS1353,13,ACE-4
506,3.775,453.3106,10470,RLUS1353,13,ACE-4
506,3.775,454.3138,9204,RLUS1353,13,ACE-4
506,3.775,455.3178,6838,RLUS1353,13,ACE-4
506,3.775,456.3199,3391,RLUS1353,13,ACE-4
506,3.775,457.3264,1866,RLUS1353,13,ACE-4
506,3.775,458.3327,462,RLUS1353,13,ACE-4
506,3.775,459.3482,144,RLUS1353,13,ACE-4
506,3.775,466.2786,106,RLUS1353,13,ACE-4
506,3.775,467.2887,230,RLUS1353,13,ACE-4
506,3.775,468.311,1200,RLUS1353,13,ACE-4
506,3.775,469.3136,2187,RLUS1353,13,ACE-4
507,3.782,432.2406,158,RLUS1353,13,ACE-4
507,3.782,432.2948,109,RLUS1353,13,ACE-4
507,3.782,433.294,439,RLUS1353,13,ACE-4
507,3.782,434.2924,340,RLUS1353,13,ACE-4
507,3.782,435.0842,122,RLUS1353,13,ACE-4
507,3.782,435.1674,598,RLUS1353,13,ACE-4
507,3.782,435.2956,282,RLUS1353,13,ACE-4
507,3.782,436.1768,129,RLUS1353,13,ACE-4
507,3.782,436.3045,427,RLUS1353,13,ACE-4
507,3.782,437.1664,310,RLUS1353,13,ACE-4
507,3.782,437.3075,337,RLUS1353,13,ACE-4
507,3.782,439.3088,161,RLUS1353,13,ACE-4
507,3.782,447.3308,101,RLUS1353,13,ACE-4
507,3.782,450.2451,100,RLUS1353,13,ACE-4
507,3.782,450.2967,720,RLUS1353,13,ACE-4
507,3.782,451.3044,2666,RLUS1353,13,ACE-4
507,3.782,452.3088,5095,RLUS1353,13,ACE-4
507,3.782,453.3117,5035,RLUS1353,13,ACE-4
507,3.782,454.3146,4324,RLUS1353,13,ACE-4
507,3.782,455.3184,2757,RLUS1353,13,ACE-4
507,3.782,456.325,1736,RLUS1353,13,ACE-4
507,3.782,457.3246,776,RLUS1353,13,ACE-4
507,3.782,458.2744,111,RLUS1353,13,ACE-4
507,3.782,458.3316,351,RLUS1353,13,ACE-4
507,3.782,461.2471,136,RLUS1353,13,ACE-4
507,3.782,467.3291,193,RLUS1353,13,ACE-4
507,3.782,468.3131,650,RLUS1353,13,ACE-4
507,3.782,469.3102,1634,RLUS1353,13,ACE-4
508,3.789,432.2352,118,RLUS1353,13,ACE-4
508,3.789,433.2882,144,RLUS1353,13,ACE-4
508,3.789,434.2819,209,RLUS1353,13,ACE-4
508,3.789,435.1674,719,RLUS1353,13,ACE-4
508,3.789,435.2954,179,RLUS1353,13,ACE-4
508,3.789,436.1819,252,RLUS1353,13,ACE-4
508,3.789,436.3057,276,RLUS1353,13,ACE-4
508,3.789,437.1625,409,RLUS1353,13,ACE-4
508,3.789,437.3128,135,RLUS1353,13,ACE-4
508,3.789,439.1512,135,RLUS1353,13,ACE-4
508,3.789,450.301,587,RLUS1353,13,ACE-4
508,3.789,451.3026,1730,RLUS1353,13,ACE-4
508,3.789,452.3072,2775,RLUS1353,13,ACE-4
508,3.789,453.3095,3128,RLUS1353,13,ACE-4
508,3.789,454.3145,2918,RLUS1353,13,ACE-4
508,3.789,455.3172,1999,RLUS1353,13,ACE-4
508,3.789,456.3204,1118,RLUS1353,13,ACE-4
508,3.789,457.33,267,RLUS1353,13,ACE-4
508,3.789,458.2846,152,RLUS1353,13,ACE-4
508,3.789,458.3374,161,RLUS1353,13,ACE-4
508,3.789,467.287,119,RLUS1353,13,ACE-4
508,3.789,468.318,434,RLUS1353,13,ACE-4
508,3.789,469.3106,736,RLUS1353,13,ACE-4
509,3.796,432.0824,102,RLUS1353,13,ACE-4
509,3.796,432.2376,166,RLUS1353,13,ACE-4
509,3.796,434.2922,228,RLUS1353,13,ACE-4
509,3.796,435.1686,626,RLUS1353,13,ACE-4
509,3.796,435.2985,276,RLUS1353,13,ACE-4
509,3.796,436.1664,157,RLUS1353,13,ACE-4
509,3.796,436.3051,124,RLUS1353,13,ACE-4
509,3.796,437.1671,471,RLUS1353,13,ACE-4
509,3.796,437.3054,104,RLUS1353,13,ACE-4
509,3.796,438.1685,112,RLUS1353,13,ACE-4
509,3.796,439.3078,170,RLUS1353,13,ACE-4
509,3.796,450.3034,632,RLUS1353,13,ACE-4
509,3.796,451.3044,1751,RLUS1353,13,ACE-4
509,3.796,452.3064,2496,RLUS1353,13,ACE-4
509,3.796,453.3114,3197,RLUS1353,13,ACE-4
509,3.796,454.3149,2408,RLUS1353,13,ACE-4
509,3.796,455.3194,1530,RLUS1353,13,ACE-4
509,3.796,456.3212,757,RLUS1353,13,ACE-4
509,3.796,457.3236,351,RLUS1353,13,ACE-4
509,3.796,458.3283,141,RLUS1353,13,ACE-4
509,3.796,466.3182,157,RLUS1353,13,ACE-4
509,3.796,468.3048,414,RLUS1353,13,ACE-4
509,3.796,469.3143,771,RLUS1353,13,ACE-4
509,3.796,470.1772,113,RLUS1353,13,ACE-4
510,3.803,432.2328,183,RLUS1353,13,ACE-4
510,3.803,433.2953,147,RLUS1353,13,ACE-4
510,3.803,434.2907,118,RLUS1353,13,ACE-4
510,3.803,435.1732,674,RLUS1353,13,ACE-4
510,3.803,435.3014,451,RLUS1353,13,ACE-4
510,3.803,436.3065,186,RLUS1353,13,ACE-4
510,3.803,437.1662,341,RLUS1353,13,ACE-4
510,3.803,437.322,107,RLUS1353,13,ACE-4
510,3.803,438.1756,125,RLUS1353,13,ACE-4
510,3.803,438.3126,178,RLUS1353,13,ACE-4
510,3.803,450.3022,714,RLUS1353,13,ACE-4
510,3.803,451.3052,1436,RLUS1353,13,ACE-4
510,3.803,452.307,2142,RLUS1353,13,ACE-4
510,3.803,453.3116,1994,RLUS1353,13,ACE-4
510,3.803,454.316,1746,RLUS1353,13,ACE-4
510,3.803,455.3191,1449,RLUS1353,13,ACE-4
510,3.803,456.3234,814,RLUS1353,13,ACE-4
510,3.803,457.3267,300,RLUS1353,13,ACE-4
510,3.803,466.2986,133,RLUS1353,13,ACE-4
510,3.803,467.2965,204,RLUS1353,13,ACE-4
510,3.803,468.3033,396,RLUS1353,13,ACE-4
510,3.803,469.3104,910,RLUS1353,13,ACE-4
511,3.81,433.2866,212,RLUS1353,13,ACE-4
511,3.81,434.294,127,RLUS1353,13,ACE-4
511,3.81,435.1678,803,RLUS1353,13,ACE-4
511,3.81,435.2948,250,RLUS1353,13,ACE-4
511,3.81,436.2998,196,RLUS1353,13,ACE-4
511,3.81,437.1643,272,RLUS1353,13,ACE-4
511,3.81,437.3077,207,RLUS1353,13,ACE-4
511,3.81,450.2976,409,RLUS1353,13,ACE-4
511,3.81,451.3022,1065,RLUS1353,13,ACE-4
511,3.81,452.3078,1821,RLUS1353,13,ACE-4
511,3.81,453.3122,2017,RLUS1353,13,ACE-4
511,3.81,454.3142,1850,RLUS1353,13,ACE-4
511,3.81,455.3168,1197,RLUS1353,13,ACE-4
511,3.81,456.3196,890,RLUS1353,13,ACE-4
511,3.81,457.2602,145,RLUS1353,13,ACE-4
511,3.81,457.3248,456,RLUS1353,13,ACE-4
511,3.81,467.2484,104,RLUS1353,13,ACE-4
511,3.81,467.294,151,RLUS1353,13,ACE-4
511,3.81,468.305,400,RLUS1353,13,ACE-4
511,3.81,469.313,623,RLUS1353,13,ACE-4
512,3.818,433.2882,187,RLUS1353,13,ACE-4
512,3.818,435.164,583,RLUS1353,13,ACE-4
512,3.818,435.2995,141,RLUS1353,13,ACE-4
512,3.818,436.1656,132,RLUS1353,13,ACE-4
512,3.818,436.2989,149,RLUS1353,13,ACE-4
512,3.818,437.1716,321,RLUS1353,13,ACE-4
512,3.818,437.3118,229,RLUS1353,13,ACE-4
512,3.818,449.8817,102,RLUS1353,13,ACE-4
512,3.818,450.3006,374,RLUS1353,13,ACE-4
512,3.818,451.3052,1408,RLUS1353,13,ACE-4
512,3.818,452.3046,1664,RLUS1353,13,ACE-4
512,3.818,453.3145,1980,RLUS1353,13,ACE-4
512,3.818,454.3132,1339,RLUS1353,13,ACE-4
512,3.818,455.3181,1252,RLUS1353,13,ACE-4
512,3.818,456.3216,692,RLUS1353,13,ACE-4
512,3.818,457.0989,111,RLUS1353,13,ACE-4
512,3.818,457.272,162,RLUS1353,13,ACE-4
512,3.818,457.3216,187,RLUS1353,13,ACE-4
512,3.818,458.2724,113,RLUS1353,13,ACE-4
512,3.818,458.328,155,RLUS1353,13,ACE-4
512,3.818,468.3094,443,RLUS1353,13,ACE-4
512,3.818,469.0961,154,RLUS1353,13,ACE-4
512,3.818,469.3092,550,RLUS1353,13,ACE-4
